CID;Classificação Grupo CID;Classificação Macro CID
A00;Infecciosas e Parasitárias;Doenças infecciosas intestinais
A01;Infecciosas e Parasitárias;Doenças infecciosas intestinais
A02;Infecciosas e Parasitárias;Doenças infecciosas intestinais
A03;Infecciosas e Parasitárias;Doenças infecciosas intestinais
A04;Infecciosas e Parasitárias;Doenças infecciosas intestinais
A05;Infecciosas e Parasitárias;Doenças infecciosas intestinais
A06;Infecciosas e Parasitárias;Doenças infecciosas intestinais
A07;Infecciosas e Parasitárias;Doenças infecciosas intestinais
A08;Infecciosas e Parasitárias;Doenças infecciosas intestinais
A09;Infecciosas e Parasitárias;Doenças infecciosas intestinais
A15;Infecciosas e Parasitárias;Tuberculose
A16;Infecciosas e Parasitárias;Tuberculose
A18;Infecciosas e Parasitárias;Tuberculose
A19;Infecciosas e Parasitárias;Tuberculose
A20;Infecciosas e Parasitárias;Algumas doenças bacterianas zoonóticas
A22;Infecciosas e Parasitárias;Algumas doenças bacterianas zoonóticas
A25;Infecciosas e Parasitárias;Algumas doenças bacterianas zoonóticas
A26;Infecciosas e Parasitárias;Algumas doenças bacterianas zoonóticas
A27;Infecciosas e Parasitárias;Algumas doenças bacterianas zoonóticas
A30;Infecciosas e Parasitárias;Outras doenças bacterianas
A31;Infecciosas e Parasitárias;Outras doenças bacterianas
A35;Infecciosas e Parasitárias;Outras doenças bacterianas
A37;Infecciosas e Parasitárias;Outras doenças bacterianas
A39;Infecciosas e Parasitárias;Outras doenças bacterianas
A40;Infecciosas e Parasitárias;Outras doenças bacterianas
A41;Infecciosas e Parasitárias;Outras doenças bacterianas
A46;Infecciosas e Parasitárias;Outras doenças bacterianas
A48;Infecciosas e Parasitárias;Outras doenças bacterianas
A49;Infecciosas e Parasitárias;Outras doenças bacterianas
A50;Infecciosas e Parasitárias;Infecções de transmissão predominantemente sexual
A51;Infecciosas e Parasitárias;Infecções de transmissão predominantemente sexual
A52;Infecciosas e Parasitárias;Infecções de transmissão predominantemente sexual
A53;Infecciosas e Parasitárias;Infecções de transmissão predominantemente sexual
A54;Infecciosas e Parasitárias;Infecções de transmissão predominantemente sexual
A55;Infecciosas e Parasitárias;Infecções de transmissão predominantemente sexual
A56;Infecciosas e Parasitárias;Infecções de transmissão predominantemente sexual
A60;Infecciosas e Parasitárias;Infecções de transmissão predominantemente sexual
A63;Infecciosas e Parasitárias;Infecções de transmissão predominantemente sexual
A64;Infecciosas e Parasitárias;Infecções de transmissão predominantemente sexual
A66;Infecciosas e Parasitárias;Outras doenças por espiroquetas
A67;Infecciosas e Parasitárias;Outras doenças por espiroquetas
A68;Infecciosas e Parasitárias;Outras doenças por espiroquetas
A69;Infecciosas e Parasitárias;Outras doenças por espiroquetas
A74;Infecciosas e Parasitárias;Outras doenças causadas por clamídias
A77;Infecciosas e Parasitárias;Rickettsioses
A79;Infecciosas e Parasitárias;Rickettsioses
A80;Infecciosas e Parasitárias;Infecções virais do sistema nervoso central
A81;Infecciosas e Parasitárias;Infecções virais do sistema nervoso central
A82;Infecciosas e Parasitárias;Infecções virais do sistema nervoso central
A85;Infecciosas e Parasitárias;Infecções virais do sistema nervoso central
A86;Infecciosas e Parasitárias;Infecções virais do sistema nervoso central
A87;Infecciosas e Parasitárias;Infecções virais do sistema nervoso central
A88;Infecciosas e Parasitárias;Infecções virais do sistema nervoso central
A89;Infecciosas e Parasitárias;Infecções virais do sistema nervoso central
A90;Infecciosas e Parasitárias;Febres por arbovírus e febres hemorrágicas virais
A91;Infecciosas e Parasitárias;Febres por arbovírus e febres hemorrágicas virais
A92;Infecciosas e Parasitárias;Febres por arbovírus e febres hemorrágicas virais
A93;Infecciosas e Parasitárias;Febres por arbovírus e febres hemorrágicas virais
A94;Infecciosas e Parasitárias;Febres por arbovírus e febres hemorrágicas virais
A95;Infecciosas e Parasitárias;Febres por arbovírus e febres hemorrágicas virais
A96;Infecciosas e Parasitárias;Febres por arbovírus e febres hemorrágicas virais
A98;Infecciosas e Parasitárias;Febres por arbovírus e febres hemorrágicas virais
A99;Infecciosas e Parasitárias;Febres por arbovírus e febres hemorrágicas virais
B00;Infecciosas e Parasitárias;Infecções virais caracterizadas por lesões de pele e mucosas
B01;Infecciosas e Parasitárias;Infecções virais caracterizadas por lesões de pele e mucosas
B02;Infecciosas e Parasitárias;Infecções virais caracterizadas por lesões de pele e mucosas
B03;Infecciosas e Parasitárias;Infecções virais caracterizadas por lesões de pele e mucosas
B05;Infecciosas e Parasitárias;Infecções virais caracterizadas por lesões de pele e mucosas
B07;Infecciosas e Parasitárias;Infecções virais caracterizadas por lesões de pele e mucosas
B08;Infecciosas e Parasitárias;Infecções virais caracterizadas por lesões de pele e mucosas
B09;Infecciosas e Parasitárias;Infecções virais caracterizadas por lesões de pele e mucosas
B15;Infecciosas e Parasitárias;Hepatite viral
B16;Infecciosas e Parasitárias;Hepatite viral
B17;Infecciosas e Parasitárias;Hepatite viral
B18;Infecciosas e Parasitárias;Hepatite viral
B19;Infecciosas e Parasitárias;Hepatite viral
B20;Infecciosas e Parasitárias;Doenças pelo vírus da imunodeficiência humana [HIV]
B24;Infecciosas e Parasitárias;Doenças pelo vírus da imunodeficiência humana [HIV]
B25;Infecciosas e Parasitárias;Outras doenças por vírus
B26;Infecciosas e Parasitárias;Outras doenças por vírus
B27;Infecciosas e Parasitárias;Outras doenças por vírus
B30;Infecciosas e Parasitárias;Outras doenças por vírus
B33;Infecciosas e Parasitárias;Outras doenças por vírus
B34;Infecciosas e Parasitárias;Outras doenças por vírus
B35;Infecciosas e Parasitárias;Micoses
B36;Infecciosas e Parasitárias;Micoses
B37;Infecciosas e Parasitárias;Micoses
B38;Infecciosas e Parasitárias;Micoses
B39;Infecciosas e Parasitárias;Micoses
B40;Infecciosas e Parasitárias;Micoses
B41;Infecciosas e Parasitárias;Micoses
B42;Infecciosas e Parasitárias;Micoses
B43;Infecciosas e Parasitárias;Micoses
B44;Infecciosas e Parasitárias;Micoses
B48;Infecciosas e Parasitárias;Micoses
B49;Infecciosas e Parasitárias;Micoses
B50;Infecciosas e Parasitárias;Doenças devidas a protozoários
B51;Infecciosas e Parasitárias;Doenças devidas a protozoários
B54;Infecciosas e Parasitárias;Doenças devidas a protozoários
B55;Infecciosas e Parasitárias;Doenças devidas a protozoários
B58;Infecciosas e Parasitárias;Doenças devidas a protozoários
B59;Infecciosas e Parasitárias;Doenças devidas a protozoários
B64;Infecciosas e Parasitárias;Doenças devidas a protozoários
B65;Infecciosas e Parasitárias;Helmintíases
B69;Infecciosas e Parasitárias;Helmintíases
B74;Infecciosas e Parasitárias;Helmintíases
B80;Infecciosas e Parasitárias;Helmintíases
B81;Infecciosas e Parasitárias;Helmintíases
B82;Infecciosas e Parasitárias;Helmintíases
B83;Infecciosas e Parasitárias;Helmintíases
B86;Infecciosas e Parasitárias;Pediculose, acaríase e outras infestações
B87;Infecciosas e Parasitárias;Pediculose, acaríase e outras infestações
B88;Infecciosas e Parasitárias;Pediculose, acaríase e outras infestações
B91;Infecciosas e Parasitárias;Seqüelas de Infecciosas e Parasitárias
B92;Infecciosas e Parasitárias;Seqüelas de Infecciosas e Parasitárias
B94;Infecciosas e Parasitárias;Seqüelas de Infecciosas e Parasitárias
B95;Infecciosas e Parasitárias;Agentes de infecções bacterianas, virais e outros agentes infecciosos
B97;Infecciosas e Parasitárias;Agentes de infecções bacterianas, virais e outros agentes infecciosos
B99;Infecciosas e Parasitárias;Agentes de infecções bacterianas, virais e outros agentes infecciosos
C01;Neoplasias (tumores);Neoplasias (tumores) malignas(os) do lábio, cavidade oral e faringe
C02;Neoplasias (tumores);Neoplasias (tumores) malignas(os) do lábio, cavidade oral e faringe
C03;Neoplasias (tumores);Neoplasias (tumores) malignas(os) do lábio, cavidade oral e faringe
C05;Neoplasias (tumores);Neoplasias (tumores) malignas(os) do lábio, cavidade oral e faringe
C06;Neoplasias (tumores);Neoplasias (tumores) malignas(os) do lábio, cavidade oral e faringe
C08;Neoplasias (tumores);Neoplasias (tumores) malignas(os) do lábio, cavidade oral e faringe
C10;Neoplasias (tumores);Neoplasias (tumores) malignas(os) do lábio, cavidade oral e faringe
C11;Neoplasias (tumores);Neoplasias (tumores) malignas(os) do lábio, cavidade oral e faringe
C15;Neoplasias (tumores);Neoplasias (tumores) malignas(os) dos órgãos digestivos
C16;Neoplasias (tumores);Neoplasias (tumores) malignas(os) dos órgãos digestivos
C17;Neoplasias (tumores);Neoplasias (tumores) malignas(os) dos órgãos digestivos
C18;Neoplasias (tumores);Neoplasias (tumores) malignas(os) dos órgãos digestivos
C19;Neoplasias (tumores);Neoplasias (tumores) malignas(os) dos órgãos digestivos
C20;Neoplasias (tumores);Neoplasias (tumores) malignas(os) dos órgãos digestivos
C22;Neoplasias (tumores);Neoplasias (tumores) malignas(os) dos órgãos digestivos
C24;Neoplasias (tumores);Neoplasias (tumores) malignas(os) dos órgãos digestivos
C25;Neoplasias (tumores);Neoplasias (tumores) malignas(os) dos órgãos digestivos
C30;Neoplasias (tumores);Neoplasias (tumores) malignas(os) do aparelho respiratório e dos órgãos intratorácicos
C31;Neoplasias (tumores);Neoplasias (tumores) malignas(os) do aparelho respiratório e dos órgãos intratorácicos
C32;Neoplasias (tumores);Neoplasias (tumores) malignas(os) do aparelho respiratório e dos órgãos intratorácicos
C34;Neoplasias (tumores);Neoplasias (tumores) malignas(os) do aparelho respiratório e dos órgãos intratorácicos
C37;Neoplasias (tumores);Neoplasias (tumores) malignas(os) do aparelho respiratório e dos órgãos intratorácicos
C38;Neoplasias (tumores);Neoplasias (tumores) malignas(os) do aparelho respiratório e dos órgãos intratorácicos
C40;Neoplasias (tumores);Neoplasias (tumores) malignas(os) dos ossos e das cartilagens articulares
C41;Neoplasias (tumores);Neoplasias (tumores) malignas(os) dos ossos e das cartilagens articulares
C43;Neoplasias (tumores);Melanoma e outras(os) Neoplasias (tumores) malignas(os) da pele
C44;Neoplasias (tumores);Melanoma e outras(os) Neoplasias (tumores) malignas(os) da pele
C45;Neoplasias (tumores);Neoplasias (tumores) malignas(os) do tecido mesotelial e tecidos moles
C46;Neoplasias (tumores);Neoplasias (tumores) malignas(os) do tecido mesotelial e tecidos moles
C48;Neoplasias (tumores);Neoplasias (tumores) malignas(os) do tecido mesotelial e tecidos moles
C49;Neoplasias (tumores);Neoplasias (tumores) malignas(os) do tecido mesotelial e tecidos moles
C50;Neoplasias (tumores);Neoplasias (tumores) malignas(os) do tecido mesotelial e tecidos moles
C53;Neoplasias (tumores);Neoplasias (tumores) malignas(os) dos órgãos genitais femininos
C54;Neoplasias (tumores);Neoplasias (tumores) malignas(os) dos órgãos genitais femininos
C56;Neoplasias (tumores);Neoplasias (tumores) malignas(os) dos órgãos genitais femininos
C58;Neoplasias (tumores);Neoplasias (tumores) malignas(os) dos órgãos genitais femininos
C61;Neoplasias (tumores);Neoplasias (tumores) malignas(os) dos órgãos genitais masculinos
C62;Neoplasias (tumores);Neoplasias (tumores) malignas(os) dos órgãos genitais masculinos
C63;Neoplasias (tumores);Neoplasias (tumores) malignas(os) dos órgãos genitais masculinos
C64;Neoplasias (tumores);Neoplasias (tumores) malignas(os) do trato urinário
C67;Neoplasias (tumores);Neoplasias (tumores) malignas(os) do trato urinário
C69;Neoplasias (tumores);Neoplasias (tumores) malignas(os) dos olhos, do encéfalo e de outras partes do sistema nervoso central
C70;Neoplasias (tumores);Neoplasias (tumores) malignas(os) dos olhos, do encéfalo e de outras partes do sistema nervoso central
C71;Neoplasias (tumores);Neoplasias (tumores) malignas(os) dos olhos, do encéfalo e de outras partes do sistema nervoso central
C72;Neoplasias (tumores);Neoplasias (tumores) malignas(os) dos olhos, do encéfalo e de outras partes do sistema nervoso central
C73;Neoplasias (tumores);Neoplasias (tumores) malignas(os) da tireóide e de outras glândulas endócrinas
C74;Neoplasias (tumores);Neoplasias (tumores) malignas(os) da tireóide e de outras glândulas endócrinas
C76;Neoplasias (tumores);Neoplasias (tumores) malignas(os) de localizações mal definidas, secundárias e de localizações não especificadas
C77;Neoplasias (tumores);Neoplasias (tumores) malignas(os) de localizações mal definidas, secundárias e de localizações não especificadas
C80;Neoplasias (tumores);Neoplasias (tumores) malignas(os) de localizações mal definidas, secundárias e de localizações não especificadas
C81;Neoplasias (tumores);Neoplasias (tumores) malignas(os) do tecido linfático, hematopoético e de tecidos correlatos
C82;Neoplasias (tumores);Neoplasias (tumores) malignas(os) do tecido linfático, hematopoético e de tecidos correlatos
C83;Neoplasias (tumores);Neoplasias (tumores) malignas(os) do tecido linfático, hematopoético e de tecidos correlatos
C84;Neoplasias (tumores);Neoplasias (tumores) malignas(os) do tecido linfático, hematopoético e de tecidos correlatos
C85;Neoplasias (tumores);Neoplasias (tumores) malignas(os) do tecido linfático, hematopoético e de tecidos correlatos
C90;Neoplasias (tumores);Neoplasias (tumores) malignas(os) do tecido linfático, hematopoético e de tecidos correlatos
C91;Neoplasias (tumores);Neoplasias (tumores) malignas(os) do tecido linfático, hematopoético e de tecidos correlatos
C92;Neoplasias (tumores);Neoplasias (tumores) malignas(os) do tecido linfático, hematopoético e de tecidos correlatos
C96;Neoplasias (tumores);Neoplasias (tumores) malignas(os) do tecido linfático, hematopoético e de tecidos correlatos
C97;Neoplasias (tumores);Neoplasias (tumores) malignas(os) do tecido linfático, hematopoético e de tecidos correlatos
D01;Neoplasias (tumores);Neoplasias (tumores) in situ
D02;Neoplasias (tumores);Neoplasias (tumores) in situ
D03;Neoplasias (tumores);Neoplasias (tumores) in situ
D04;Neoplasias (tumores);Neoplasias (tumores) in situ
D05;Neoplasias (tumores);Neoplasias (tumores) in situ
D09;Neoplasias (tumores);Neoplasias (tumores) in situ
D10;Neoplasias (tumores);Neoplasias (tumores) benignas(os)
D11;Neoplasias (tumores);Neoplasias (tumores) benignas(os)
D12;Neoplasias (tumores);Neoplasias (tumores) benignas(os)
D13;Neoplasias (tumores);Neoplasias (tumores) benignas(os)
D14;Neoplasias (tumores);Neoplasias (tumores) benignas(os)
D16;Neoplasias (tumores);Neoplasias (tumores) benignas(os)
D17;Neoplasias (tumores);Neoplasias (tumores) benignas(os)
D18;Neoplasias (tumores);Neoplasias (tumores) benignas(os)
D19;Neoplasias (tumores);Neoplasias (tumores) benignas(os)
D20;Neoplasias (tumores);Neoplasias (tumores) benignas(os)
D21;Neoplasias (tumores);Neoplasias (tumores) benignas(os)
D22;Neoplasias (tumores);Neoplasias (tumores) benignas(os)
D23;Neoplasias (tumores);Neoplasias (tumores) benignas(os)
D24;Neoplasias (tumores);Neoplasias (tumores) benignas(os)
D25;Neoplasias (tumores);Neoplasias (tumores) benignas(os)
D26;Neoplasias (tumores);Neoplasias (tumores) benignas(os)
D27;Neoplasias (tumores);Neoplasias (tumores) benignas(os)
D29;Neoplasias (tumores);Neoplasias (tumores) benignas(os)
D31;Neoplasias (tumores);Neoplasias (tumores) benignas(os)
D32;Neoplasias (tumores);Neoplasias (tumores) benignas(os)
D33;Neoplasias (tumores);Neoplasias (tumores) benignas(os)
D34;Neoplasias (tumores);Neoplasias (tumores) benignas(os)
D35;Neoplasias (tumores);Neoplasias (tumores) benignas(os)
D36;Neoplasias (tumores);Neoplasias (tumores) benignas(os)
D37;Neoplasias (tumores);Neoplasias (tumores) de comportamento incerto ou desconhecido
D38;Neoplasias (tumores);Neoplasias (tumores) de comportamento incerto ou desconhecido
D39;Neoplasias (tumores);Neoplasias (tumores) de comportamento incerto ou desconhecido
D40;Neoplasias (tumores);Neoplasias (tumores) de comportamento incerto ou desconhecido
D41;Neoplasias (tumores);Neoplasias (tumores) de comportamento incerto ou desconhecido
D42;Neoplasias (tumores);Neoplasias (tumores) de comportamento incerto ou desconhecido
D43;Neoplasias (tumores);Neoplasias (tumores) de comportamento incerto ou desconhecido
D44;Neoplasias (tumores);Neoplasias (tumores) de comportamento incerto ou desconhecido
D46;Neoplasias (tumores);Neoplasias (tumores) de comportamento incerto ou desconhecido
D47;Neoplasias (tumores);Neoplasias (tumores) de comportamento incerto ou desconhecido
D48;Neoplasias (tumores);Neoplasias (tumores) de comportamento incerto ou desconhecido
D50;Sangue e sistema imunológico;Anemias nutricionais
D51;Sangue e sistema imunológico;Anemias nutricionais
D53;Sangue e sistema imunológico;Anemias nutricionais
D57;Sangue e sistema imunológico;Anemias hemolíticas
D59;Sangue e sistema imunológico;Anemias hemolíticas
D60;Sangue e sistema imunológico;Anemias aplásticas e outras anemias
D61;Sangue e sistema imunológico;Anemias aplásticas e outras anemias
D62;Sangue e sistema imunológico;Anemias aplásticas e outras anemias
D63;Sangue e sistema imunológico;Anemias aplásticas e outras anemias
D64;Sangue e sistema imunológico;Anemias aplásticas e outras anemias
D66;Sangue e sistema imunológico;Defeitos da coagulação, púrpura e outras afecções hemorrágicas
D68;Sangue e sistema imunológico;Defeitos da coagulação, púrpura e outras afecções hemorrágicas
D69;Sangue e sistema imunológico;Defeitos da coagulação, púrpura e outras afecções hemorrágicas
D70;Sangue e sistema imunológico;Outras doenças do sangue e dos órgãos hematopoéticos
D71;Sangue e sistema imunológico;Outras doenças do sangue e dos órgãos hematopoéticos
D72;Sangue e sistema imunológico;Outras doenças do sangue e dos órgãos hematopoéticos
D74;Sangue e sistema imunológico;Outras doenças do sangue e dos órgãos hematopoéticos
D75;Sangue e sistema imunológico;Outras doenças do sangue e dos órgãos hematopoéticos
D76;Sangue e sistema imunológico;Outras doenças do sangue e dos órgãos hematopoéticos
D77;Sangue e sistema imunológico;Outras doenças do sangue e dos órgãos hematopoéticos
D80;Sangue e sistema imunológico;Alguns transtornos que comprometem o mecanismo imunitário
D82;Sangue e sistema imunológico;Alguns transtornos que comprometem o mecanismo imunitário
D86;Sangue e sistema imunológico;Alguns transtornos que comprometem o mecanismo imunitário
D89;Sangue e sistema imunológico;Alguns transtornos que comprometem o mecanismo imunitário
E01;Endocrinas, Nutricionais e Metabólicas;Transtornos da glândula tireóide
E03;Endocrinas, Nutricionais e Metabólicas;Transtornos da glândula tireóide
E04;Endocrinas, Nutricionais e Metabólicas;Transtornos da glândula tireóide
E05;Endocrinas, Nutricionais e Metabólicas;Transtornos da glândula tireóide
E06;Endocrinas, Nutricionais e Metabólicas;Transtornos da glândula tireóide
E07;Endocrinas, Nutricionais e Metabólicas;Transtornos da glândula tireóide
E10;Endocrinas, Nutricionais e Metabólicas;Diabetes mellitus
E11;Endocrinas, Nutricionais e Metabólicas;Diabetes mellitus
E12;Endocrinas, Nutricionais e Metabólicas;Diabetes mellitus
E13;Endocrinas, Nutricionais e Metabólicas;Diabetes mellitus
E14;Endocrinas, Nutricionais e Metabólicas;Diabetes mellitus
E16;Endocrinas, Nutricionais e Metabólicas;Outros transtornos da regulação da glicose e da secreção pancreática interna
E21;Endocrinas, Nutricionais e Metabólicas;Transtornos de outras glândulas endócrinas
E22;Endocrinas, Nutricionais e Metabólicas;Transtornos de outras glândulas endócrinas
E23;Endocrinas, Nutricionais e Metabólicas;Transtornos de outras glândulas endócrinas
E24;Endocrinas, Nutricionais e Metabólicas;Transtornos de outras glândulas endócrinas
E28;Endocrinas, Nutricionais e Metabólicas;Transtornos de outras glândulas endócrinas
E29;Endocrinas, Nutricionais e Metabólicas;Transtornos de outras glândulas endócrinas
E34;Endocrinas, Nutricionais e Metabólicas;Transtornos de outras glândulas endócrinas
E35;Endocrinas, Nutricionais e Metabólicas;Transtornos de outras glândulas endócrinas
E40;Endocrinas, Nutricionais e Metabólicas;Desnutrição
E46;Endocrinas, Nutricionais e Metabólicas;Desnutrição
E53;Endocrinas, Nutricionais e Metabólicas;Outras deficiências nutricionais
E55;Endocrinas, Nutricionais e Metabólicas;Outras deficiências nutricionais
E56;Endocrinas, Nutricionais e Metabólicas;Outras deficiências nutricionais
E60;Endocrinas, Nutricionais e Metabólicas;Outras deficiências nutricionais
E61;Endocrinas, Nutricionais e Metabólicas;Outras deficiências nutricionais
E63;Endocrinas, Nutricionais e Metabólicas;Outras deficiências nutricionais
E66;Endocrinas, Nutricionais e Metabólicas;Obesidade e outras formas de hiperalimentação
E67;Endocrinas, Nutricionais e Metabólicas;Obesidade e outras formas de hiperalimentação
E68;Endocrinas, Nutricionais e Metabólicas;Obesidade e outras formas de hiperalimentação
E73;Endocrinas, Nutricionais e Metabólicas;Distúrbios metabólicos
E74;Endocrinas, Nutricionais e Metabólicas;Distúrbios metabólicos
E78;Endocrinas, Nutricionais e Metabólicas;Distúrbios metabólicos
E79;Endocrinas, Nutricionais e Metabólicas;Distúrbios metabólicos
E83;Endocrinas, Nutricionais e Metabólicas;Distúrbios metabólicos
E85;Endocrinas, Nutricionais e Metabólicas;Distúrbios metabólicos
E86;Endocrinas, Nutricionais e Metabólicas;Distúrbios metabólicos
E87;Endocrinas, Nutricionais e Metabólicas;Distúrbios metabólicos
E88;Endocrinas, Nutricionais e Metabólicas;Distúrbios metabólicos
E89;Endocrinas, Nutricionais e Metabólicas;Distúrbios metabólicos
E90;Endocrinas, Nutricionais e Metabólicas;Distúrbios metabólicos
F00;Transtornos Mentais e Comportamentais;Transtornos mentais orgânicos, inclusive os sintomáticos
F01;Transtornos Mentais e Comportamentais;Transtornos mentais orgânicos, inclusive os sintomáticos
F03;Transtornos Mentais e Comportamentais;Transtornos mentais orgânicos, inclusive os sintomáticos
F05;Transtornos Mentais e Comportamentais;Transtornos mentais orgânicos, inclusive os sintomáticos
F06;Transtornos Mentais e Comportamentais;Transtornos mentais orgânicos, inclusive os sintomáticos
F07;Transtornos Mentais e Comportamentais;Transtornos mentais orgânicos, inclusive os sintomáticos
F09;Transtornos Mentais e Comportamentais;Transtornos mentais orgânicos, inclusive os sintomáticos
F10;Transtornos Mentais e Comportamentais;Transtornos Mentais e Comportamentais devidos ao uso de substância psicoativa
F11;Transtornos Mentais e Comportamentais;Transtornos Mentais e Comportamentais devidos ao uso de substância psicoativa
F12;Transtornos Mentais e Comportamentais;Transtornos Mentais e Comportamentais devidos ao uso de substância psicoativa
F13;Transtornos Mentais e Comportamentais;Transtornos Mentais e Comportamentais devidos ao uso de substância psicoativa
F14;Transtornos Mentais e Comportamentais;Transtornos Mentais e Comportamentais devidos ao uso de substância psicoativa
F15;Transtornos Mentais e Comportamentais;Transtornos Mentais e Comportamentais devidos ao uso de substância psicoativa
F16;Transtornos Mentais e Comportamentais;Transtornos Mentais e Comportamentais devidos ao uso de substância psicoativa
F17;Transtornos Mentais e Comportamentais;Transtornos Mentais e Comportamentais devidos ao uso de substância psicoativa
F19;Transtornos Mentais e Comportamentais;Transtornos Mentais e Comportamentais devidos ao uso de substância psicoativa
F20;Transtornos Mentais e Comportamentais;Esquizofrenia, transtornos esquizotípicos e transtornos delirantes
F21;Transtornos Mentais e Comportamentais;Esquizofrenia, transtornos esquizotípicos e transtornos delirantes
F22;Transtornos Mentais e Comportamentais;Esquizofrenia, transtornos esquizotípicos e transtornos delirantes
F23;Transtornos Mentais e Comportamentais;Esquizofrenia, transtornos esquizotípicos e transtornos delirantes
F25;Transtornos Mentais e Comportamentais;Esquizofrenia, transtornos esquizotípicos e transtornos delirantes
F28;Transtornos Mentais e Comportamentais;Esquizofrenia, transtornos esquizotípicos e transtornos delirantes
F29;Transtornos Mentais e Comportamentais;Esquizofrenia, transtornos esquizotípicos e transtornos delirantes
F30;Transtornos Mentais e Comportamentais;Transtornos do humor [afetivos]
F31;Transtornos Mentais e Comportamentais;Transtornos do humor [afetivos]
F32;Transtornos Mentais e Comportamentais;Transtornos do humor [afetivos]
F33;Transtornos Mentais e Comportamentais;Transtornos do humor [afetivos]
F34;Transtornos Mentais e Comportamentais;Transtornos do humor [afetivos]
F38;Transtornos Mentais e Comportamentais;Transtornos do humor [afetivos]
F39;Transtornos Mentais e Comportamentais;Transtornos do humor [afetivos]
F40;Transtornos Mentais e Comportamentais;"Transtornos neuróticos, transtornos relacionados com o ""stress"" e transtornos somatoformes"
F41;Transtornos Mentais e Comportamentais;"Transtornos neuróticos, transtornos relacionados com o ""stress"" e transtornos somatoformes"
F42;Transtornos Mentais e Comportamentais;"Transtornos neuróticos, transtornos relacionados com o ""stress"" e transtornos somatoformes"
F43;Transtornos Mentais e Comportamentais;"Transtornos neuróticos, transtornos relacionados com o ""stress"" e transtornos somatoformes"
F44;Transtornos Mentais e Comportamentais;"Transtornos neuróticos, transtornos relacionados com o ""stress"" e transtornos somatoformes"
F45;Transtornos Mentais e Comportamentais;"Transtornos neuróticos, transtornos relacionados com o ""stress"" e transtornos somatoformes"
F48;Transtornos Mentais e Comportamentais;"Transtornos neuróticos, transtornos relacionados com o ""stress"" e transtornos somatoformes"
F50;Transtornos Mentais e Comportamentais;Síndromes comportamentais associadas a disfunções fisiológicas e a fatores físicos
F51;Transtornos Mentais e Comportamentais;Síndromes comportamentais associadas a disfunções fisiológicas e a fatores físicos
F52;Transtornos Mentais e Comportamentais;Síndromes comportamentais associadas a disfunções fisiológicas e a fatores físicos
F53;Transtornos Mentais e Comportamentais;Síndromes comportamentais associadas a disfunções fisiológicas e a fatores físicos
F60;Transtornos Mentais e Comportamentais;Transtornos da personalidade e do comportamento do adulto
F63;Transtornos Mentais e Comportamentais;Transtornos da personalidade e do comportamento do adulto
F68;Transtornos Mentais e Comportamentais;Transtornos da personalidade e do comportamento do adulto
F79;Transtornos Mentais e Comportamentais;Retardo mental
F81;Transtornos Mentais e Comportamentais;Transtornos do desenvolvimento psicológico
F90;Transtornos Mentais e Comportamentais;Transtornos do comportamento e transtornos emocionais que aparecem habitualmente durante a infância ou a adolescência
F91;Transtornos Mentais e Comportamentais;Transtornos do comportamento e transtornos emocionais que aparecem habitualmente durante a infância ou a adolescência
F92;Transtornos Mentais e Comportamentais;Transtornos do comportamento e transtornos emocionais que aparecem habitualmente durante a infância ou a adolescência
F93;Transtornos Mentais e Comportamentais;Transtornos do comportamento e transtornos emocionais que aparecem habitualmente durante a infância ou a adolescência
F95;Transtornos Mentais e Comportamentais;Transtornos do comportamento e transtornos emocionais que aparecem habitualmente durante a infância ou a adolescência
F98;Transtornos Mentais e Comportamentais;Transtornos do comportamento e transtornos emocionais que aparecem habitualmente durante a infância ou a adolescência
F99;Transtornos Mentais e Comportamentais;Transtornos do comportamento e transtornos emocionais que aparecem habitualmente durante a infância ou a adolescência
G00;Neurológico;Doenças inflamatórias do sistema nervoso central
G03;Neurológico;Doenças inflamatórias do sistema nervoso central
G04;Neurológico;Doenças inflamatórias do sistema nervoso central
G05;Neurológico;Doenças inflamatórias do sistema nervoso central
G06;Neurológico;Doenças inflamatórias do sistema nervoso central
G09;Neurológico;Doenças inflamatórias do sistema nervoso central
G10;Neurológico;Atrofias sistêmicas que afetam principalmente o sistema nervoso central
G11;Neurológico;Atrofias sistêmicas que afetam principalmente o sistema nervoso central
G12;Neurológico;Atrofias sistêmicas que afetam principalmente o sistema nervoso central
G20;Neurológico;Doenças extrapiramidais e transtornos dos movimentos
G22;Neurológico;Doenças extrapiramidais e transtornos dos movimentos
G23;Neurológico;Doenças extrapiramidais e transtornos dos movimentos
G24;Neurológico;Doenças extrapiramidais e transtornos dos movimentos
G25;Neurológico;Doenças extrapiramidais e transtornos dos movimentos
G26;Neurológico;Doenças extrapiramidais e transtornos dos movimentos
G35;Neurológico;Doenças desmielinizantes do sistema nervoso central
G36;Neurológico;Doenças desmielinizantes do sistema nervoso central
G37;Neurológico;Doenças desmielinizantes do sistema nervoso central
G40;Neurológico;Transtornos episódicos e paroxísticos
G41;Neurológico;Transtornos episódicos e paroxísticos
G43;Neurológico;Transtornos episódicos e paroxísticos
G44;Neurológico;Transtornos episódicos e paroxísticos
G45;Neurológico;Transtornos episódicos e paroxísticos
G47;Neurológico;Transtornos episódicos e paroxísticos
G50;Neurológico;Transtornos dos nervos, das raízes e dos plexos nervosos
G51;Neurológico;Transtornos dos nervos, das raízes e dos plexos nervosos
G52;Neurológico;Transtornos dos nervos, das raízes e dos plexos nervosos
G53;Neurológico;Transtornos dos nervos, das raízes e dos plexos nervosos
G54;Neurológico;Transtornos dos nervos, das raízes e dos plexos nervosos
G55;Neurológico;Transtornos dos nervos, das raízes e dos plexos nervosos
G56;Neurológico;Transtornos dos nervos, das raízes e dos plexos nervosos
G57;Neurológico;Transtornos dos nervos, das raízes e dos plexos nervosos
G58;Neurológico;Transtornos dos nervos, das raízes e dos plexos nervosos
G60;Neurológico;Polineuropatias e outros transtornos do sistema nervoso periférico
G61;Neurológico;Polineuropatias e outros transtornos do sistema nervoso periférico
G62;Neurológico;Polineuropatias e outros transtornos do sistema nervoso periférico
G63;Neurológico;Polineuropatias e outros transtornos do sistema nervoso periférico
G64;Neurológico;Polineuropatias e outros transtornos do sistema nervoso periférico
G70;Neurológico;Doenças da junção mioneural e dos músculos
G71;Neurológico;Doenças da junção mioneural e dos músculos
G72;Neurológico;Doenças da junção mioneural e dos músculos
G80;Neurológico;Paralisia cerebral e outras síndromes paralíticas
G81;Neurológico;Paralisia cerebral e outras síndromes paralíticas
G82;Neurológico;Paralisia cerebral e outras síndromes paralíticas
G83;Neurológico;Paralisia cerebral e outras síndromes paralíticas
G90;Neurológico;Outros transtornos do sistema nervoso
G91;Neurológico;Outros transtornos do sistema nervoso
G93;Neurológico;Outros transtornos do sistema nervoso
G95;Neurológico;Outros transtornos do sistema nervoso
G96;Neurológico;Outros transtornos do sistema nervoso
G98;Neurológico;Outros transtornos do sistema nervoso
G99;Neurológico;Outros transtornos do sistema nervoso
H00;Oftalmológico;Transtornos da pálpebra, do aparelho lacrimal e da órbita
H01;Oftalmológico;Transtornos da pálpebra, do aparelho lacrimal e da órbita
H02;Oftalmológico;Transtornos da pálpebra, do aparelho lacrimal e da órbita
H03;Oftalmológico;Transtornos da pálpebra, do aparelho lacrimal e da órbita
H04;Oftalmológico;Transtornos da pálpebra, do aparelho lacrimal e da órbita
H05;Oftalmológico;Transtornos da pálpebra, do aparelho lacrimal e da órbita
H06;Oftalmológico;Transtornos da pálpebra, do aparelho lacrimal e da órbita
H10;Oftalmológico;Transtornos da conjuntiva
H11;Oftalmológico;Transtornos da conjuntiva
H13;Oftalmológico;Transtornos da conjuntiva
H15;Oftalmológico;Transtornos da esclerótica, da córnea, da íris e do corpo ciliar
H16;Oftalmológico;Transtornos da esclerótica, da córnea, da íris e do corpo ciliar
H17;Oftalmológico;Transtornos da esclerótica, da córnea, da íris e do corpo ciliar
H18;Oftalmológico;Transtornos da esclerótica, da córnea, da íris e do corpo ciliar
H19;Oftalmológico;Transtornos da esclerótica, da córnea, da íris e do corpo ciliar
H20;Oftalmológico;Transtornos da esclerótica, da córnea, da íris e do corpo ciliar
H21;Oftalmológico;Transtornos da esclerótica, da córnea, da íris e do corpo ciliar
H22;Oftalmológico;Transtornos da esclerótica, da córnea, da íris e do corpo ciliar
H25;Oftalmológico;Transtornos do cristalino
H26;Oftalmológico;Transtornos do cristalino
H28;Oftalmológico;Transtornos do cristalino
H30;Oftalmológico;Transtornos da coróide e da retina
H31;Oftalmológico;Transtornos da coróide e da retina
H32;Oftalmológico;Transtornos da coróide e da retina
H33;Oftalmológico;Transtornos da coróide e da retina
H34;Oftalmológico;Transtornos da coróide e da retina
H35;Oftalmológico;Transtornos da coróide e da retina
H36;Oftalmológico;Transtornos da coróide e da retina
H40;Oftalmológico;Glaucoma
H42;Oftalmológico;Glaucoma
H43;Oftalmológico;Transtornos do humor vítreo e do globo ocular
H44;Oftalmológico;Transtornos do humor vítreo e do globo ocular
H45;Oftalmológico;Transtornos do humor vítreo e do globo ocular
H46;Oftalmológico;Transtornos do nervo óptico e das vias ópticas
H47;Oftalmológico;Transtornos do nervo óptico e das vias ópticas
H49;Oftalmológico;Transtornos dos músculos oculares, do movimento binocular, da acomodação e da refração
H50;Oftalmológico;Transtornos dos músculos oculares, do movimento binocular, da acomodação e da refração
H51;Oftalmológico;Transtornos dos músculos oculares, do movimento binocular, da acomodação e da refração
H52;Oftalmológico;Transtornos dos músculos oculares, do movimento binocular, da acomodação e da refração
H53;Oftalmológico;Transtornos visuais e cegueira
H54;Oftalmológico;Transtornos visuais e cegueira
H55;Oftalmológico;Outros transtornos do olho e anexos
H57;Oftalmológico;Outros transtornos do olho e anexos
H58;Oftalmológico;Outros transtornos do olho e anexos
H59;Oftalmológico;Outros transtornos do olho e anexos
H60;Auditivo;Doenças do ouvido externo
H61;Auditivo;Doenças do ouvido externo
H62;Auditivo;Doenças do ouvido externo
H65;Auditivo;Doenças do ouvido médio e da mastóide
H66;Auditivo;Doenças do ouvido médio e da mastóide
H67;Auditivo;Doenças do ouvido médio e da mastóide
H68;Auditivo;Doenças do ouvido médio e da mastóide
H70;Auditivo;Doenças do ouvido médio e da mastóide
H71;Auditivo;Doenças do ouvido médio e da mastóide
H72;Auditivo;Doenças do ouvido médio e da mastóide
H73;Auditivo;Doenças do ouvido médio e da mastóide
H74;Auditivo;Doenças do ouvido médio e da mastóide
H75;Auditivo;Doenças do ouvido médio e da mastóide
H80;Auditivo;Doenças do ouvido interno
H81;Auditivo;Doenças do ouvido interno
H82;Auditivo;Doenças do ouvido interno
H83;Auditivo;Doenças do ouvido interno
H90;Auditivo;Outros transtornos do ouvido
H91;Auditivo;Outros transtornos do ouvido
H92;Auditivo;Outros transtornos do ouvido
H93;Auditivo;Outros transtornos do ouvido
I00;Circulatório;Febre reumática aguda
I01;Circulatório;Febre reumática aguda
I02;Circulatório;Febre reumática aguda
I05;Circulatório;Doenças reumáticas crônicas do coração
I06;Circulatório;Doenças reumáticas crônicas do coração
I07;Circulatório;Doenças reumáticas crônicas do coração
I08;Circulatório;Doenças reumáticas crônicas do coração
I09;Circulatório;Doenças reumáticas crônicas do coração
I10;Circulatório;Doenças hipertensivas
I11;Circulatório;Doenças hipertensivas
I12;Circulatório;Doenças hipertensivas
I13;Circulatório;Doenças hipertensivas
I15;Circulatório;Doenças hipertensivas
I20;Circulatório;Doenças isquêmicas do coração
I21;Circulatório;Doenças isquêmicas do coração
I24;Circulatório;Doenças isquêmicas do coração
I25;Circulatório;Doenças isquêmicas do coração
I26;Circulatório;Doenças cardíaca pulmonar e da circulação pulmonar
I27;Circulatório;Doenças cardíaca pulmonar e da circulação pulmonar
I30;Circulatório;Outras formas de doença do coração
I31;Circulatório;Outras formas de doença do coração
I32;Circulatório;Outras formas de doença do coração
I34;Circulatório;Outras formas de doença do coração
I35;Circulatório;Outras formas de doença do coração
I37;Circulatório;Outras formas de doença do coração
I40;Circulatório;Outras formas de doença do coração
I41;Circulatório;Outras formas de doença do coração
I42;Circulatório;Outras formas de doença do coração
I44;Circulatório;Outras formas de doença do coração
I45;Circulatório;Outras formas de doença do coração
I47;Circulatório;Outras formas de doença do coração
I48;Circulatório;Outras formas de doença do coração
I49;Circulatório;Outras formas de doença do coração
I50;Circulatório;Outras formas de doença do coração
I51;Circulatório;Outras formas de doença do coração
I60;Circulatório;Doenças cerebrovasculares
I61;Circulatório;Doenças cerebrovasculares
I62;Circulatório;Doenças cerebrovasculares
I63;Circulatório;Doenças cerebrovasculares
I64;Circulatório;Doenças cerebrovasculares
I65;Circulatório;Doenças cerebrovasculares
I67;Circulatório;Doenças cerebrovasculares
I69;Circulatório;Doenças cerebrovasculares
I70;Circulatório;Doenças das artérias, das arteríolas e dos capilares
I71;Circulatório;Doenças das artérias, das arteríolas e dos capilares
I72;Circulatório;Doenças das artérias, das arteríolas e dos capilares
I73;Circulatório;Doenças das artérias, das arteríolas e dos capilares
I74;Circulatório;Doenças das artérias, das arteríolas e dos capilares
I77;Circulatório;Doenças das artérias, das arteríolas e dos capilares
I78;Circulatório;Doenças das artérias, das arteríolas e dos capilares
I79;Circulatório;Doenças das artérias, das arteríolas e dos capilares
I80;Circulatório;Doenças das veias, dos vasos linfáticos e dos gânglios linfáticos, não classificadas em outra parte
I81;Circulatório;Doenças das veias, dos vasos linfáticos e dos gânglios linfáticos, não classificadas em outra parte
I82;Circulatório;Doenças das veias, dos vasos linfáticos e dos gânglios linfáticos, não classificadas em outra parte
I83;Circulatório;Doenças das veias, dos vasos linfáticos e dos gânglios linfáticos, não classificadas em outra parte
I84;Circulatório;Doenças das veias, dos vasos linfáticos e dos gânglios linfáticos, não classificadas em outra parte
I85;Circulatório;Doenças das veias, dos vasos linfáticos e dos gânglios linfáticos, não classificadas em outra parte
I86;Circulatório;Doenças das veias, dos vasos linfáticos e dos gânglios linfáticos, não classificadas em outra parte
I87;Circulatório;Doenças das veias, dos vasos linfáticos e dos gânglios linfáticos, não classificadas em outra parte
I88;Circulatório;Doenças das veias, dos vasos linfáticos e dos gânglios linfáticos, não classificadas em outra parte
I89;Circulatório;Doenças das veias, dos vasos linfáticos e dos gânglios linfáticos, não classificadas em outra parte
I95;Circulatório;Outros transtornos, e os não especificados do aparelho circulatório
I97;Circulatório;Outros transtornos, e os não especificados do aparelho circulatório
I99;Circulatório;Outros transtornos, e os não especificados do aparelho circulatório
J00;Respiratório;Infecções agudas das vias aéreas superiores
J01;Respiratório;Infecções agudas das vias aéreas superiores
J02;Respiratório;Infecções agudas das vias aéreas superiores
J03;Respiratório;Infecções agudas das vias aéreas superiores
J04;Respiratório;Infecções agudas das vias aéreas superiores
J05;Respiratório;Infecções agudas das vias aéreas superiores
J06;Respiratório;Infecções agudas das vias aéreas superiores
J09;Respiratório;Influenza [gripe] e pneumonia
J10;Respiratório;Influenza [gripe] e pneumonia
J11;Respiratório;Influenza [gripe] e pneumonia
J12;Respiratório;Influenza [gripe] e pneumonia
J13;Respiratório;Influenza [gripe] e pneumonia
J14;Respiratório;Influenza [gripe] e pneumonia
J15;Respiratório;Influenza [gripe] e pneumonia
J16;Respiratório;Influenza [gripe] e pneumonia
J17;Respiratório;Influenza [gripe] e pneumonia
J18;Respiratório;Influenza [gripe] e pneumonia
J20;Respiratório;Outras infecções agudas das vias aéreas inferiores
J21;Respiratório;Outras infecções agudas das vias aéreas inferiores
J22;Respiratório;Outras infecções agudas das vias aéreas inferiores
J30;Respiratório;Outras doenças das vias aéreas superiores
J31;Respiratório;Outras doenças das vias aéreas superiores
J32;Respiratório;Outras doenças das vias aéreas superiores
J33;Respiratório;Outras doenças das vias aéreas superiores
J34;Respiratório;Outras doenças das vias aéreas superiores
J35;Respiratório;Outras doenças das vias aéreas superiores
J36;Respiratório;Outras doenças das vias aéreas superiores
J37;Respiratório;Outras doenças das vias aéreas superiores
J38;Respiratório;Outras doenças das vias aéreas superiores
J39;Respiratório;Outras doenças das vias aéreas superiores
J40;Respiratório;Doenças crônicas das vias aéreas inferiores
J41;Respiratório;Doenças crônicas das vias aéreas inferiores
J42;Respiratório;Doenças crônicas das vias aéreas inferiores
J43;Respiratório;Doenças crônicas das vias aéreas inferiores
J44;Respiratório;Doenças crônicas das vias aéreas inferiores
J45;Respiratório;Doenças crônicas das vias aéreas inferiores
J47;Respiratório;Doenças crônicas das vias aéreas inferiores
J60;Respiratório;Doenças pulmonares devidas a agentes externos
J62;Respiratório;Doenças pulmonares devidas a agentes externos
J63;Respiratório;Doenças pulmonares devidas a agentes externos
J66;Respiratório;Doenças pulmonares devidas a agentes externos
J68;Respiratório;Doenças pulmonares devidas a agentes externos
J69;Respiratório;Doenças pulmonares devidas a agentes externos
J70;Respiratório;Doenças pulmonares devidas a agentes externos
J80;Respiratório;Outras doenças respiratórias que afetam principalmente o interstício
J81;Respiratório;Outras doenças respiratórias que afetam principalmente o interstício
J82;Respiratório;Outras doenças respiratórias que afetam principalmente o interstício
J84;Respiratório;Outras doenças respiratórias que afetam principalmente o interstício
J85;Respiratório;Afecções necróticas e supurativas das vias aéreas inferiores
J86;Respiratório;Afecções necróticas e supurativas das vias aéreas inferiores
J90;Respiratório;Outras doenças da pleura
J91;Respiratório;Outras doenças da pleura
J93;Respiratório;Outras doenças da pleura
J95;Respiratório;Outras Respiratório
J96;Respiratório;Outras Respiratório
J98;Respiratório;Outras Respiratório
J99;Respiratório;Outras Respiratório
K00;Digestivo;Doenças da cavidade oral, das glândulas salivares e dos maxilares
K01;Digestivo;Doenças da cavidade oral, das glândulas salivares e dos maxilares
K02;Digestivo;Doenças da cavidade oral, das glândulas salivares e dos maxilares
K03;Digestivo;Doenças da cavidade oral, das glândulas salivares e dos maxilares
K04;Digestivo;Doenças da cavidade oral, das glândulas salivares e dos maxilares
K05;Digestivo;Doenças da cavidade oral, das glândulas salivares e dos maxilares
K06;Digestivo;Doenças da cavidade oral, das glândulas salivares e dos maxilares
K07;Digestivo;Doenças da cavidade oral, das glândulas salivares e dos maxilares
K08;Digestivo;Doenças da cavidade oral, das glândulas salivares e dos maxilares
K09;Digestivo;Doenças da cavidade oral, das glândulas salivares e dos maxilares
K10;Digestivo;Doenças da cavidade oral, das glândulas salivares e dos maxilares
K11;Digestivo;Doenças da cavidade oral, das glândulas salivares e dos maxilares
K12;Digestivo;Doenças da cavidade oral, das glândulas salivares e dos maxilares
K13;Digestivo;Doenças da cavidade oral, das glândulas salivares e dos maxilares
K14;Digestivo;Doenças da cavidade oral, das glândulas salivares e dos maxilares
K20;Digestivo;Doenças do esôfago, do estômago e do duodeno
K21;Digestivo;Doenças do esôfago, do estômago e do duodeno
K22;Digestivo;Doenças do esôfago, do estômago e do duodeno
K23;Digestivo;Doenças do esôfago, do estômago e do duodeno
K25;Digestivo;Doenças do esôfago, do estômago e do duodeno
K26;Digestivo;Doenças do esôfago, do estômago e do duodeno
K27;Digestivo;Doenças do esôfago, do estômago e do duodeno
K28;Digestivo;Doenças do esôfago, do estômago e do duodeno
K29;Digestivo;Doenças do esôfago, do estômago e do duodeno
K30;Digestivo;Doenças do esôfago, do estômago e do duodeno
K31;Digestivo;Doenças do esôfago, do estômago e do duodeno
K35;Digestivo;Doenças do apêndice
K36;Digestivo;Doenças do apêndice
K37;Digestivo;Doenças do apêndice
K38;Digestivo;Doenças do apêndice
K40;Digestivo;Hérnias
K41;Digestivo;Hérnias
K42;Digestivo;Hérnias
K43;Digestivo;Hérnias
K44;Digestivo;Hérnias
K45;Digestivo;Hérnias
K46;Digestivo;Hérnias
K50;Digestivo;Enterites e colites não-infecciosas
K51;Digestivo;Enterites e colites não-infecciosas
K52;Digestivo;Enterites e colites não-infecciosas
K55;Digestivo;Outras doenças dos intestinos
K56;Digestivo;Outras doenças dos intestinos
K57;Digestivo;Outras doenças dos intestinos
K58;Digestivo;Outras doenças dos intestinos
K59;Digestivo;Outras doenças dos intestinos
K60;Digestivo;Outras doenças dos intestinos
K61;Digestivo;Outras doenças dos intestinos
K62;Digestivo;Outras doenças dos intestinos
K63;Digestivo;Outras doenças dos intestinos
K65;Digestivo;Doenças do peritônio
K66;Digestivo;Doenças do peritônio
K67;Digestivo;Doenças do peritônio
K70;Digestivo;Doenças do fígado
K71;Digestivo;Doenças do fígado
K72;Digestivo;Doenças do fígado
K73;Digestivo;Doenças do fígado
K74;Digestivo;Doenças do fígado
K75;Digestivo;Doenças do fígado
K76;Digestivo;Doenças do fígado
K77;Digestivo;Doenças do fígado
K80;Digestivo;Transtornos da vesícula biliar, das vias biliares e do pâncreas
K81;Digestivo;Transtornos da vesícula biliar, das vias biliares e do pâncreas
K82;Digestivo;Transtornos da vesícula biliar, das vias biliares e do pâncreas
K83;Digestivo;Transtornos da vesícula biliar, das vias biliares e do pâncreas
K85;Digestivo;Transtornos da vesícula biliar, das vias biliares e do pâncreas
K86;Digestivo;Transtornos da vesícula biliar, das vias biliares e do pâncreas
K87;Digestivo;Transtornos da vesícula biliar, das vias biliares e do pâncreas
K90;Digestivo;Outras Digestivo
K91;Digestivo;Outras Digestivo
K92;Digestivo;Outras Digestivo
L00;Dermatólogico;Infecções da pele e do tecido subcutâneo
L01;Dermatólogico;Infecções da pele e do tecido subcutâneo
L02;Dermatólogico;Infecções da pele e do tecido subcutâneo
L03;Dermatólogico;Infecções da pele e do tecido subcutâneo
L04;Dermatólogico;Infecções da pele e do tecido subcutâneo
L05;Dermatólogico;Infecções da pele e do tecido subcutâneo
L08;Dermatólogico;Infecções da pele e do tecido subcutâneo
L10;Dermatólogico;Afecções bolhosas
L11;Dermatólogico;Afecções bolhosas
L12;Dermatólogico;Afecções bolhosas
L13;Dermatólogico;Afecções bolhosas
L14;Dermatólogico;Afecções bolhosas
L20;Dermatólogico;Dermatite e eczema
L21;Dermatólogico;Dermatite e eczema
L23;Dermatólogico;Dermatite e eczema
L24;Dermatólogico;Dermatite e eczema
L25;Dermatólogico;Dermatite e eczema
L27;Dermatólogico;Dermatite e eczema
L28;Dermatólogico;Dermatite e eczema
L29;Dermatólogico;Dermatite e eczema
L30;Dermatólogico;Dermatite e eczema
L40;Dermatólogico;Afecções pápulo-descamativas
L41;Dermatólogico;Afecções pápulo-descamativas
L42;Dermatólogico;Afecções pápulo-descamativas
L43;Dermatólogico;Afecções pápulo-descamativas
L44;Dermatólogico;Afecções pápulo-descamativas
L45;Dermatólogico;Afecções pápulo-descamativas
L50;Dermatólogico;Urticária e eritema
L51;Dermatólogico;Urticária e eritema
L52;Dermatólogico;Urticária e eritema
L53;Dermatólogico;Urticária e eritema
L54;Dermatólogico;Urticária e eritema
L55;Dermatólogico;Transtornos da pele e do tecido subcutâneo relacionados com a radiação
L56;Dermatólogico;Transtornos da pele e do tecido subcutâneo relacionados com a radiação
L57;Dermatólogico;Transtornos da pele e do tecido subcutâneo relacionados com a radiação
L59;Dermatólogico;Transtornos da pele e do tecido subcutâneo relacionados com a radiação
L60;Dermatólogico;Afecções dos anexos da pele
L62;Dermatólogico;Afecções dos anexos da pele
L63;Dermatólogico;Afecções dos anexos da pele
L64;Dermatólogico;Afecções dos anexos da pele
L65;Dermatólogico;Afecções dos anexos da pele
L66;Dermatólogico;Afecções dos anexos da pele
L67;Dermatólogico;Afecções dos anexos da pele
L68;Dermatólogico;Afecções dos anexos da pele
L70;Dermatólogico;Afecções dos anexos da pele
L71;Dermatólogico;Afecções dos anexos da pele
L72;Dermatólogico;Afecções dos anexos da pele
L73;Dermatólogico;Afecções dos anexos da pele
L74;Dermatólogico;Afecções dos anexos da pele
L75;Dermatólogico;Afecções dos anexos da pele
L80;Dermatólogico;Outras afecções da pele e do tecido subcutâneo
L81;Dermatólogico;Outras afecções da pele e do tecido subcutâneo
L82;Dermatólogico;Outras afecções da pele e do tecido subcutâneo
L83;Dermatólogico;Outras afecções da pele e do tecido subcutâneo
L84;Dermatólogico;Outras afecções da pele e do tecido subcutâneo
L85;Dermatólogico;Outras afecções da pele e do tecido subcutâneo
L87;Dermatólogico;Outras afecções da pele e do tecido subcutâneo
L89;Dermatólogico;Outras afecções da pele e do tecido subcutâneo
L90;Dermatólogico;Outras afecções da pele e do tecido subcutâneo
L91;Dermatólogico;Outras afecções da pele e do tecido subcutâneo
L92;Dermatólogico;Outras afecções da pele e do tecido subcutâneo
L93;Dermatólogico;Outras afecções da pele e do tecido subcutâneo
L94;Dermatólogico;Outras afecções da pele e do tecido subcutâneo
L95;Dermatólogico;Outras afecções da pele e do tecido subcutâneo
L97;Dermatólogico;Outras afecções da pele e do tecido subcutâneo
L98;Dermatólogico;Outras afecções da pele e do tecido subcutâneo
L99;Dermatólogico;Outras afecções da pele e do tecido subcutâneo
M00;Osteomuscular;Artropatias infecciosas
M01;Osteomuscular;Artropatias infecciosas
M02;Osteomuscular;Artropatias infecciosas
M05;Osteomuscular;Poliartropatias inflamatórias
M06;Osteomuscular;Poliartropatias inflamatórias
M07;Osteomuscular;Poliartropatias inflamatórias
M08;Osteomuscular;Poliartropatias inflamatórias
M09;Osteomuscular;Poliartropatias inflamatórias
M10;Osteomuscular;Poliartropatias inflamatórias
M11;Osteomuscular;Poliartropatias inflamatórias
M12;Osteomuscular;Poliartropatias inflamatórias
M13;Osteomuscular;Poliartropatias inflamatórias
M14;Osteomuscular;Poliartropatias inflamatórias
M15;Osteomuscular;Artroses
M16;Osteomuscular;Artroses
M17;Osteomuscular;Artroses
M18;Osteomuscular;Artroses
M19;Osteomuscular;Artroses
M20;Osteomuscular;Outros transtornos articulares
M21;Osteomuscular;Outros transtornos articulares
M22;Osteomuscular;Outros transtornos articulares
M23;Osteomuscular;Outros transtornos articulares
M24;Osteomuscular;Outros transtornos articulares
M25;Osteomuscular;Outros transtornos articulares
M30;Osteomuscular;Doenças sistêmicas do tecido conjuntivo
M31;Osteomuscular;Doenças sistêmicas do tecido conjuntivo
M32;Osteomuscular;Doenças sistêmicas do tecido conjuntivo
M33;Osteomuscular;Doenças sistêmicas do tecido conjuntivo
M34;Osteomuscular;Doenças sistêmicas do tecido conjuntivo
M35;Osteomuscular;Doenças sistêmicas do tecido conjuntivo
M36;Osteomuscular;Doenças sistêmicas do tecido conjuntivo
M40;Osteomuscular;Dorsopatias deformantes
M41;Osteomuscular;Dorsopatias deformantes
M42;Osteomuscular;Dorsopatias deformantes
M43;Osteomuscular;Dorsopatias deformantes
M45;Osteomuscular;Espondilopatias
M46;Osteomuscular;Espondilopatias
M47;Osteomuscular;Espondilopatias
M48;Osteomuscular;Espondilopatias
M49;Osteomuscular;Espondilopatias
M50;Osteomuscular;Outras dorsopatias
M51;Osteomuscular;Outras dorsopatias
M53;Osteomuscular;Outras dorsopatias
M54;Osteomuscular;Outras dorsopatias
M60;Osteomuscular;Transtornos musculares
M61;Osteomuscular;Transtornos musculares
M62;Osteomuscular;Transtornos musculares
M63;Osteomuscular;Transtornos musculares
M65;Osteomuscular;Transtornos das sinóvias e dos tendões
M66;Osteomuscular;Transtornos das sinóvias e dos tendões
M67;Osteomuscular;Transtornos das sinóvias e dos tendões
M68;Osteomuscular;Transtornos das sinóvias e dos tendões
M70;Osteomuscular;Outros transtornos dos tecidos moles
M71;Osteomuscular;Outros transtornos dos tecidos moles
M72;Osteomuscular;Outros transtornos dos tecidos moles
M73;Osteomuscular;Outros transtornos dos tecidos moles
M75;Osteomuscular;Outros transtornos dos tecidos moles
M76;Osteomuscular;Outros transtornos dos tecidos moles
M77;Osteomuscular;Outros transtornos dos tecidos moles
M79;Osteomuscular;Outros transtornos dos tecidos moles
M80;Osteomuscular;Transtornos da densidade e da estrutura óssea
M81;Osteomuscular;Transtornos da densidade e da estrutura óssea
M82;Osteomuscular;Transtornos da densidade e da estrutura óssea
M83;Osteomuscular;Transtornos da densidade e da estrutura óssea
M84;Osteomuscular;Transtornos da densidade e da estrutura óssea
M85;Osteomuscular;Transtornos da densidade e da estrutura óssea
M86;Osteomuscular;Outras osteopatias
M87;Osteomuscular;Outras osteopatias
M88;Osteomuscular;Outras osteopatias
M89;Osteomuscular;Outras osteopatias
M90;Osteomuscular;Outras osteopatias
M91;Osteomuscular;Condropatias
M92;Osteomuscular;Condropatias
M93;Osteomuscular;Condropatias
M94;Osteomuscular;Condropatias
M95;Osteomuscular;Outros transtornos do sistema osteomuscular e do tecido conjuntivo
M96;Osteomuscular;Outros transtornos do sistema osteomuscular e do tecido conjuntivo
M99;Osteomuscular;Outros transtornos do sistema osteomuscular e do tecido conjuntivo
N00;Geniturinário;Doenças glomerulares
N01;Geniturinário;Doenças glomerulares
N02;Geniturinário;Doenças glomerulares
N03;Geniturinário;Doenças glomerulares
N04;Geniturinário;Doenças glomerulares
N05;Geniturinário;Doenças glomerulares
N06;Geniturinário;Doenças glomerulares
N07;Geniturinário;Doenças glomerulares
N08;Geniturinário;Doenças glomerulares
N10;Geniturinário;Doenças renais túbulo-intersticiais
N11;Geniturinário;Doenças renais túbulo-intersticiais
N12;Geniturinário;Doenças renais túbulo-intersticiais
N13;Geniturinário;Doenças renais túbulo-intersticiais
N15;Geniturinário;Doenças renais túbulo-intersticiais
N16;Geniturinário;Doenças renais túbulo-intersticiais
N17;Geniturinário;Insuficiência renal
N18;Geniturinário;Insuficiência renal
N19;Geniturinário;Insuficiência renal
N20;Geniturinário;Calculose renal
N21;Geniturinário;Calculose renal
N22;Geniturinário;Calculose renal
N23;Geniturinário;Calculose renal
N25;Geniturinário;Outros transtornos do rim e do ureter
N27;Geniturinário;Outros transtornos do rim e do ureter
N28;Geniturinário;Outros transtornos do rim e do ureter
N29;Geniturinário;Outros transtornos do rim e do ureter
N30;Geniturinário;Outras doenças do aparelho urinário
N31;Geniturinário;Outras doenças do aparelho urinário
N32;Geniturinário;Outras doenças do aparelho urinário
N33;Geniturinário;Outras doenças do aparelho urinário
N34;Geniturinário;Outras doenças do aparelho urinário
N35;Geniturinário;Outras doenças do aparelho urinário
N36;Geniturinário;Outras doenças do aparelho urinário
N37;Geniturinário;Outras doenças do aparelho urinário
N39;Geniturinário;Outras doenças do aparelho urinário
N40;Geniturinário;Doenças dos órgãos genitais masculinos
N41;Geniturinário;Doenças dos órgãos genitais masculinos
N42;Geniturinário;Doenças dos órgãos genitais masculinos
N43;Geniturinário;Doenças dos órgãos genitais masculinos
N44;Geniturinário;Doenças dos órgãos genitais masculinos
N45;Geniturinário;Doenças dos órgãos genitais masculinos
N46;Geniturinário;Doenças dos órgãos genitais masculinos
N47;Geniturinário;Doenças dos órgãos genitais masculinos
N48;Geniturinário;Doenças dos órgãos genitais masculinos
N49;Geniturinário;Doenças dos órgãos genitais masculinos
N50;Geniturinário;Doenças dos órgãos genitais masculinos
N51;Geniturinário;Doenças dos órgãos genitais masculinos
N60;Geniturinário;Doenças da mama
N61;Geniturinário;Doenças da mama
N62;Geniturinário;Doenças da mama
N63;Geniturinário;Doenças da mama
N64;Geniturinário;Doenças da mama
N70;Geniturinário;Doenças inflamatórias dos órgãos pélvicos femininos
N71;Geniturinário;Doenças inflamatórias dos órgãos pélvicos femininos
N72;Geniturinário;Doenças inflamatórias dos órgãos pélvicos femininos
N73;Geniturinário;Doenças inflamatórias dos órgãos pélvicos femininos
N74;Geniturinário;Doenças inflamatórias dos órgãos pélvicos femininos
N75;Geniturinário;Doenças inflamatórias dos órgãos pélvicos femininos
N76;Geniturinário;Doenças inflamatórias dos órgãos pélvicos femininos
N77;Geniturinário;Doenças inflamatórias dos órgãos pélvicos femininos
N80;Geniturinário;Transtornos não-inflamatórios do trato genital feminino
N81;Geniturinário;Transtornos não-inflamatórios do trato genital feminino
N82;Geniturinário;Transtornos não-inflamatórios do trato genital feminino
N83;Geniturinário;Transtornos não-inflamatórios do trato genital feminino
N84;Geniturinário;Transtornos não-inflamatórios do trato genital feminino
N85;Geniturinário;Transtornos não-inflamatórios do trato genital feminino
N87;Geniturinário;Transtornos não-inflamatórios do trato genital feminino
N88;Geniturinário;Transtornos não-inflamatórios do trato genital feminino
N89;Geniturinário;Transtornos não-inflamatórios do trato genital feminino
N90;Geniturinário;Transtornos não-inflamatórios do trato genital feminino
N91;Geniturinário;Transtornos não-inflamatórios do trato genital feminino
N92;Geniturinário;Transtornos não-inflamatórios do trato genital feminino
N93;Geniturinário;Transtornos não-inflamatórios do trato genital feminino
N94;Geniturinário;Transtornos não-inflamatórios do trato genital feminino
N95;Geniturinário;Transtornos não-inflamatórios do trato genital feminino
N96;Geniturinário;Transtornos não-inflamatórios do trato genital feminino
N97;Geniturinário;Transtornos não-inflamatórios do trato genital feminino
N98;Geniturinário;Transtornos não-inflamatórios do trato genital feminino
N99;Geniturinário;Transtornos não-inflamatórios do trato genital feminino
P05;Algumas afecções originadas no período perinatal;Transtornos relacionados com a duração da gestação e com o crescimento fetal
P14;Algumas afecções originadas no período perinatal;Traumatismo de parto
P39;Algumas afecções originadas no período perinatal;Infecções específicas do período perinatal
P78;Algumas afecções originadas no período perinatal;Transtornos do aparelho digestivo do feto ou do recém-nascido
P92;Algumas afecções originadas no período perinatal;Outros transtornos originados no período perinatal
P95;Algumas afecções originadas no período perinatal;Outros transtornos originados no período perinatal
Q04;Malformações;Malformações congênitas do sistema nervoso
Q07;Malformações;Malformações congênitas do sistema nervoso
Q16;Malformações;Malformações congênitas do olho, do ouvido, da face e do pescoço
Q17;Malformações;Malformações congênitas do olho, do ouvido, da face e do pescoço
Q18;Malformações;Malformações congênitas do olho, do ouvido, da face e do pescoço
Q20;Malformações;Malformações congênitas do aparelho circulatório
Q21;Malformações;Malformações congênitas do aparelho circulatório
Q23;Malformações;Malformações congênitas do aparelho circulatório
Q24;Malformações;Malformações congênitas do aparelho circulatório
Q25;Malformações;Malformações congênitas do aparelho circulatório
Q27;Malformações;Malformações congênitas do aparelho circulatório
Q28;Malformações;Malformações congênitas do aparelho circulatório
Q30;Malformações;Malformações congênitas do aparelho respiratório
Q37;Malformações;Fenda labial e fenda palatina
Q38;Malformações;Outras malformações congênitas do aparelho digestivo
Q40;Malformações;Outras malformações congênitas do aparelho digestivo
Q43;Malformações;Outras malformações congênitas do aparelho digestivo
Q44;Malformações;Outras malformações congênitas do aparelho digestivo
Q52;Malformações;Malformações congênitas dos órgãos genitais
Q53;Malformações;Malformações congênitas dos órgãos genitais
Q54;Malformações;Malformações congênitas dos órgãos genitais
Q55;Malformações;Malformações congênitas dos órgãos genitais
Q60;Malformações;Malformações congênitas do aparelho urinário
Q61;Malformações;Malformações congênitas do aparelho urinário
Q62;Malformações;Malformações congênitas do aparelho urinário
Q65;Malformações;Malformações e deformidades congênitas do sistema osteomuscular
Q66;Malformações;Malformações e deformidades congênitas do sistema osteomuscular
Q67;Malformações;Malformações e deformidades congênitas do sistema osteomuscular
Q68;Malformações;Malformações e deformidades congênitas do sistema osteomuscular
Q70;Malformações;Malformações e deformidades congênitas do sistema osteomuscular
Q76;Malformações;Malformações e deformidades congênitas do sistema osteomuscular
Q79;Malformações;Malformações e deformidades congênitas do sistema osteomuscular
Q82;Malformações;Outras malformações congênitas
Q83;Malformações;Outras malformações congênitas
Q85;Malformações;Outras malformações congênitas
Q87;Malformações;Outras malformações congênitas
Q89;Malformações;Outras malformações congênitas
R00;Sinais e Sintomas;Sintomas e sinais relativos ao aparelho circulatório e respiratório
R01;Sinais e Sintomas;Sintomas e sinais relativos ao aparelho circulatório e respiratório
R02;Sinais e Sintomas;Sintomas e sinais relativos ao aparelho circulatório e respiratório
R03;Sinais e Sintomas;Sintomas e sinais relativos ao aparelho circulatório e respiratório
R04;Sinais e Sintomas;Sintomas e sinais relativos ao aparelho circulatório e respiratório
R05;Sinais e Sintomas;Sintomas e sinais relativos ao aparelho circulatório e respiratório
R06;Sinais e Sintomas;Sintomas e sinais relativos ao aparelho circulatório e respiratório
R07;Sinais e Sintomas;Sintomas e sinais relativos ao aparelho circulatório e respiratório
R09;Sinais e Sintomas;Sintomas e sinais relativos ao aparelho circulatório e respiratório
R10;Sinais e Sintomas;Sintomas e sinais relativos ao aparelho digestivo e ao abdome
R11;Sinais e Sintomas;Sintomas e sinais relativos ao aparelho digestivo e ao abdome
R12;Sinais e Sintomas;Sintomas e sinais relativos ao aparelho digestivo e ao abdome
R13;Sinais e Sintomas;Sintomas e sinais relativos ao aparelho digestivo e ao abdome
R14;Sinais e Sintomas;Sintomas e sinais relativos ao aparelho digestivo e ao abdome
R15;Sinais e Sintomas;Sintomas e sinais relativos ao aparelho digestivo e ao abdome
R16;Sinais e Sintomas;Sintomas e sinais relativos ao aparelho digestivo e ao abdome
R17;Sinais e Sintomas;Sintomas e sinais relativos ao aparelho digestivo e ao abdome
R18;Sinais e Sintomas;Sintomas e sinais relativos ao aparelho digestivo e ao abdome
R19;Sinais e Sintomas;Sintomas e sinais relativos ao aparelho digestivo e ao abdome
R20;Sinais e Sintomas;Sintomas e sinais relativos a pele e ao tecido subcutâneo
R21;Sinais e Sintomas;Sintomas e sinais relativos a pele e ao tecido subcutâneo
R22;Sinais e Sintomas;Sintomas e sinais relativos a pele e ao tecido subcutâneo
R23;Sinais e Sintomas;Sintomas e sinais relativos a pele e ao tecido subcutâneo
R25;Sinais e Sintomas;Sintomas e sinais relativos aos sistemas nervoso e osteomuscular
R26;Sinais e Sintomas;Sintomas e sinais relativos aos sistemas nervoso e osteomuscular
R29;Sinais e Sintomas;Sintomas e sinais relativos aos sistemas nervoso e osteomuscular
R30;Sinais e Sintomas;Sintomas e sinais relativos ao aparelho urinário
R31;Sinais e Sintomas;Sintomas e sinais relativos ao aparelho urinário
R32;Sinais e Sintomas;Sintomas e sinais relativos ao aparelho urinário
R33;Sinais e Sintomas;Sintomas e sinais relativos ao aparelho urinário
R34;Sinais e Sintomas;Sintomas e sinais relativos ao aparelho urinário
R35;Sinais e Sintomas;Sintomas e sinais relativos ao aparelho urinário
R39;Sinais e Sintomas;Sintomas e sinais relativos ao aparelho urinário
R40;Sinais e Sintomas;Sintomas e sinais relativos à cognição, à percepção, ao estado emocional e ao comportamento
R41;Sinais e Sintomas;Sintomas e sinais relativos à cognição, à percepção, ao estado emocional e ao comportamento
R42;Sinais e Sintomas;Sintomas e sinais relativos à cognição, à percepção, ao estado emocional e ao comportamento
R43;Sinais e Sintomas;Sintomas e sinais relativos à cognição, à percepção, ao estado emocional e ao comportamento
R45;Sinais e Sintomas;Sintomas e sinais relativos à cognição, à percepção, ao estado emocional e ao comportamento
R46;Sinais e Sintomas;Sintomas e sinais relativos à cognição, à percepção, ao estado emocional e ao comportamento
R47;Sinais e Sintomas;Sintomas e sinais relativos à fala e à voz
R49;Sinais e Sintomas;Sintomas e sinais relativos à fala e à voz
R50;Sinais e Sintomas;Sintomas e sinais gerais
R51;Sinais e Sintomas;Sintomas e sinais gerais
R52;Sinais e Sintomas;Sintomas e sinais gerais
R53;Sinais e Sintomas;Sintomas e sinais gerais
R54;Sinais e Sintomas;Sintomas e sinais gerais
R55;Sinais e Sintomas;Sintomas e sinais gerais
R56;Sinais e Sintomas;Sintomas e sinais gerais
R57;Sinais e Sintomas;Sintomas e sinais gerais
R58;Sinais e Sintomas;Sintomas e sinais gerais
R59;Sinais e Sintomas;Sintomas e sinais gerais
R60;Sinais e Sintomas;Sintomas e sinais gerais
R61;Sinais e Sintomas;Sintomas e sinais gerais
R63;Sinais e Sintomas;Sintomas e sinais gerais
R64;Sinais e Sintomas;Sintomas e sinais gerais
R68;Sinais e Sintomas;Sintomas e sinais gerais
R69;Sinais e Sintomas;Sintomas e sinais gerais
R70;Sinais e Sintomas;Achados anormais de exames de sangue, sem diagnóstico
R71;Sinais e Sintomas;Achados anormais de exames de sangue, sem diagnóstico
R73;Sinais e Sintomas;Achados anormais de exames de sangue, sem diagnóstico
R74;Sinais e Sintomas;Achados anormais de exames de sangue, sem diagnóstico
R79;Sinais e Sintomas;Achados anormais de exames de sangue, sem diagnóstico
R80;Sinais e Sintomas;Achados anormais de exames de urina, sem diagnóstico
R82;Sinais e Sintomas;Achados anormais de exames de urina, sem diagnóstico
R84;Sinais e Sintomas;Achados anormais de exames e de outros líquidos, substâncias e tecidos do corpo, sem diagnóstico
R90;Sinais e Sintomas;Achados anormais de exames para diagnóstico por imagem e em estudos de função, sem diagnóstico
R91;Sinais e Sintomas;Achados anormais de exames para diagnóstico por imagem e em estudos de função, sem diagnóstico
R92;Sinais e Sintomas;Achados anormais de exames para diagnóstico por imagem e em estudos de função, sem diagnóstico
R93;Sinais e Sintomas;Achados anormais de exames para diagnóstico por imagem e em estudos de função, sem diagnóstico
R94;Sinais e Sintomas;Achados anormais de exames para diagnóstico por imagem e em estudos de função, sem diagnóstico
S00;Traumas;Traumatismos da cabeça
S01;Traumas;Traumatismos da cabeça
S02;Traumas;Traumatismos da cabeça
S03;Traumas;Traumatismos da cabeça
S04;Traumas;Traumatismos da cabeça
S05;Traumas;Traumatismos da cabeça
S06;Traumas;Traumatismos da cabeça
S07;Traumas;Traumatismos da cabeça
S08;Traumas;Traumatismos da cabeça
S09;Traumas;Traumatismos da cabeça
S10;Traumas;Traumatismos do pescoço
S11;Traumas;Traumatismos do pescoço
S12;Traumas;Traumatismos do pescoço
S13;Traumas;Traumatismos do pescoço
S14;Traumas;Traumatismos do pescoço
S15;Traumas;Traumatismos do pescoço
S18;Traumas;Traumatismos do pescoço
S19;Traumas;Traumatismos do pescoço
S20;Traumas;Traumatismos do tórax
S21;Traumas;Traumatismos do tórax
S22;Traumas;Traumatismos do tórax
S23;Traumas;Traumatismos do tórax
S27;Traumas;Traumatismos do tórax
S29;Traumas;Traumatismos do tórax
S30;Traumas;Traumatismos do abdome, do dorso, da coluna lombar e da pelve
S31;Traumas;Traumatismos do abdome, do dorso, da coluna lombar e da pelve
S32;Traumas;Traumatismos do abdome, do dorso, da coluna lombar e da pelve
S33;Traumas;Traumatismos do abdome, do dorso, da coluna lombar e da pelve
S34;Traumas;Traumatismos do abdome, do dorso, da coluna lombar e da pelve
S35;Traumas;Traumatismos do abdome, do dorso, da coluna lombar e da pelve
S36;Traumas;Traumatismos do abdome, do dorso, da coluna lombar e da pelve
S37;Traumas;Traumatismos do abdome, do dorso, da coluna lombar e da pelve
S39;Traumas;Traumatismos do abdome, do dorso, da coluna lombar e da pelve
S40;Traumas;Traumatismos do ombro e do braço
S41;Traumas;Traumatismos do ombro e do braço
S42;Traumas;Traumatismos do ombro e do braço
S43;Traumas;Traumatismos do ombro e do braço
S44;Traumas;Traumatismos do ombro e do braço
S45;Traumas;Traumatismos do ombro e do braço
S46;Traumas;Traumatismos do ombro e do braço
S47;Traumas;Traumatismos do ombro e do braço
S48;Traumas;Traumatismos do ombro e do braço
S49;Traumas;Traumatismos do ombro e do braço
S50;Traumas;Traumatismos do cotovelo e do antebraço
S51;Traumas;Traumatismos do cotovelo e do antebraço
S52;Traumas;Traumatismos do cotovelo e do antebraço
S53;Traumas;Traumatismos do cotovelo e do antebraço
S54;Traumas;Traumatismos do cotovelo e do antebraço
S55;Traumas;Traumatismos do cotovelo e do antebraço
S56;Traumas;Traumatismos do cotovelo e do antebraço
S57;Traumas;Traumatismos do cotovelo e do antebraço
S59;Traumas;Traumatismos do cotovelo e do antebraço
S60;Traumas;Traumatismos do punho e da mão
S61;Traumas;Traumatismos do punho e da mão
S62;Traumas;Traumatismos do punho e da mão
S63;Traumas;Traumatismos do punho e da mão
S64;Traumas;Traumatismos do punho e da mão
S65;Traumas;Traumatismos do punho e da mão
S66;Traumas;Traumatismos do punho e da mão
S67;Traumas;Traumatismos do punho e da mão
S68;Traumas;Traumatismos do punho e da mão
S69;Traumas;Traumatismos do punho e da mão
S70;Traumas;Traumatismos do quadril e da coxa
S71;Traumas;Traumatismos do quadril e da coxa
S72;Traumas;Traumatismos do quadril e da coxa
S73;Traumas;Traumatismos do quadril e da coxa
S74;Traumas;Traumatismos do quadril e da coxa
S75;Traumas;Traumatismos do quadril e da coxa
S76;Traumas;Traumatismos do quadril e da coxa
S77;Traumas;Traumatismos do quadril e da coxa
S78;Traumas;Traumatismos do quadril e da coxa
S79;Traumas;Traumatismos do quadril e da coxa
S80;Traumas;Traumatismos do joelho e da perna
S81;Traumas;Traumatismos do joelho e da perna
S82;Traumas;Traumatismos do joelho e da perna
S83;Traumas;Traumatismos do joelho e da perna
S84;Traumas;Traumatismos do joelho e da perna
S85;Traumas;Traumatismos do joelho e da perna
S86;Traumas;Traumatismos do joelho e da perna
S87;Traumas;Traumatismos do joelho e da perna
S88;Traumas;Traumatismos do joelho e da perna
S89;Traumas;Traumatismos do joelho e da perna
S90;Traumas;Traumatismos do tornozelo e do pé
S91;Traumas;Traumatismos do tornozelo e do pé
S92;Traumas;Traumatismos do tornozelo e do pé
S93;Traumas;Traumatismos do tornozelo e do pé
S94;Traumas;Traumatismos do tornozelo e do pé
S95;Traumas;Traumatismos do tornozelo e do pé
S96;Traumas;Traumatismos do tornozelo e do pé
S97;Traumas;Traumatismos do tornozelo e do pé
S98;Traumas;Traumatismos do tornozelo e do pé
S99;Traumas;Traumatismos do tornozelo e do pé
T00;Traumas;Traumatismos envolvendo múltiplas regiões do corpo
T01;Traumas;Traumatismos envolvendo múltiplas regiões do corpo
T02;Traumas;Traumatismos envolvendo múltiplas regiões do corpo
T03;Traumas;Traumatismos envolvendo múltiplas regiões do corpo
T04;Traumas;Traumatismos envolvendo múltiplas regiões do corpo
T05;Traumas;Traumatismos envolvendo múltiplas regiões do corpo
T06;Traumas;Traumatismos envolvendo múltiplas regiões do corpo
T07;Traumas;Traumatismos envolvendo múltiplas regiões do corpo
T08;Traumas;Traumatismos de localização não especificada do tronco, membro ou outra região do corpo
T09;Traumas;Traumatismos de localização não especificada do tronco, membro ou outra região do corpo
T10;Traumas;Traumatismos de localização não especificada do tronco, membro ou outra região do corpo
T11;Traumas;Traumatismos de localização não especificada do tronco, membro ou outra região do corpo
T12;Traumas;Traumatismos de localização não especificada do tronco, membro ou outra região do corpo
T13;Traumas;Traumatismos de localização não especificada do tronco, membro ou outra região do corpo
T14;Traumas;Traumatismos de localização não especificada do tronco, membro ou outra região do corpo
T15;Traumas;Efeito da penetração de corpo estranho através de orifício natural
T16;Traumas;Efeito da penetração de corpo estranho através de orifício natural
T17;Traumas;Efeito da penetração de corpo estranho através de orifício natural
T18;Traumas;Efeito da penetração de corpo estranho através de orifício natural
T19;Traumas;Efeito da penetração de corpo estranho através de orifício natural
T20;Traumas;Queimaduras e corrosões da superfície externa do corpo, especificadas por local
T21;Traumas;Queimaduras e corrosões da superfície externa do corpo, especificadas por local
T22;Traumas;Queimaduras e corrosões da superfície externa do corpo, especificadas por local
T23;Traumas;Queimaduras e corrosões da superfície externa do corpo, especificadas por local
T24;Traumas;Queimaduras e corrosões da superfície externa do corpo, especificadas por local
T25;Traumas;Queimaduras e corrosões da superfície externa do corpo, especificadas por local
T26;Traumas;Queimaduras e corrosões limitadas ao olho e aos órgãos internos
T28;Traumas;Queimaduras e corrosões limitadas ao olho e aos órgãos internos
T29;Traumas;Queimaduras e corrosões de múltiplas regiões e de regiões não especificadas do corpo
T30;Traumas;Queimaduras e corrosões de múltiplas regiões e de regiões não especificadas do corpo
T31;Traumas;Queimaduras e corrosões de múltiplas regiões e de regiões não especificadas do corpo
T32;Traumas;Queimaduras e corrosões de múltiplas regiões e de regiões não especificadas do corpo
T36;Traumas;Intoxicação por drogas, medicamentos e substâncias biológicas
T41;Traumas;Intoxicação por drogas, medicamentos e substâncias biológicas
T42;Traumas;Intoxicação por drogas, medicamentos e substâncias biológicas
T43;Traumas;Intoxicação por drogas, medicamentos e substâncias biológicas
T44;Traumas;Intoxicação por drogas, medicamentos e substâncias biológicas
T46;Traumas;Intoxicação por drogas, medicamentos e substâncias biológicas
T47;Traumas;Intoxicação por drogas, medicamentos e substâncias biológicas
T48;Traumas;Intoxicação por drogas, medicamentos e substâncias biológicas
T50;Traumas;Intoxicação por drogas, medicamentos e substâncias biológicas
T52;Traumas;Efeitos tóxicos de substâncias de origem predominantemente não-medicinal
T55;Traumas;Efeitos tóxicos de substâncias de origem predominantemente não-medicinal
T63;Traumas;Efeitos tóxicos de substâncias de origem predominantemente não-medicinal
T65;Traumas;Efeitos tóxicos de substâncias de origem predominantemente não-medicinal
T67;Traumas;Outros efeitos de causas externas e os não especificados
T70;Traumas;Outros efeitos de causas externas e os não especificados
T74;Traumas;Outros efeitos de causas externas e os não especificados
T75;Traumas;Outros efeitos de causas externas e os não especificados
T78;Traumas;Outros efeitos de causas externas e os não especificados
T79;Traumas;Outros efeitos de causas externas e os não especificados
T80;Traumas;Complicações de cuidados médicos e cirúrgicos, não classificados em outra parte
T81;Traumas;Complicações de cuidados médicos e cirúrgicos, não classificados em outra parte
T82;Traumas;Complicações de cuidados médicos e cirúrgicos, não classificados em outra parte
T83;Traumas;Complicações de cuidados médicos e cirúrgicos, não classificados em outra parte
T84;Traumas;Complicações de cuidados médicos e cirúrgicos, não classificados em outra parte
T85;Traumas;Complicações de cuidados médicos e cirúrgicos, não classificados em outra parte
T86;Traumas;Complicações de cuidados médicos e cirúrgicos, não classificados em outra parte
T87;Traumas;Complicações de cuidados médicos e cirúrgicos, não classificados em outra parte
T88;Traumas;Complicações de cuidados médicos e cirúrgicos, não classificados em outra parte
T90;Traumas;Seqüelas de traumatismos, de intoxicações e de outras conseqüências das causas externas
T91;Traumas;Seqüelas de traumatismos, de intoxicações e de outras conseqüências das causas externas
T92;Traumas;Seqüelas de traumatismos, de intoxicações e de outras conseqüências das causas externas
T93;Traumas;Seqüelas de traumatismos, de intoxicações e de outras conseqüências das causas externas
T94;Traumas;Seqüelas de traumatismos, de intoxicações e de outras conseqüências das causas externas
T95;Traumas;Seqüelas de traumatismos, de intoxicações e de outras conseqüências das causas externas
T98;Traumas;Seqüelas de traumatismos, de intoxicações e de outras conseqüências das causas externas
U04;(vazio);(vazio)
U06;Doença pelo Zika vírus;Doença pelo Zika virus, não especificada
V01;Causas externas;Pedestre traumatizado em um acidente de transporte
V02;Causas externas;Pedestre traumatizado em um acidente de transporte
V03;Causas externas;Pedestre traumatizado em um acidente de transporte
V06;Causas externas;Pedestre traumatizado em um acidente de transporte
V09;Causas externas;Pedestre traumatizado em um acidente de transporte
V11;Causas externas;Ciclista traumatizado em um acidente de transporte
V12;Causas externas;Ciclista traumatizado em um acidente de transporte
V14;Causas externas;Ciclista traumatizado em um acidente de transporte
V17;Causas externas;Ciclista traumatizado em um acidente de transporte
V18;Causas externas;Ciclista traumatizado em um acidente de transporte
V19;Causas externas;Ciclista traumatizado em um acidente de transporte
V20;Causas externas;Motociclista traumatizado em um acidente de transporte
V21;Causas externas;Motociclista traumatizado em um acidente de transporte
V22;Causas externas;Motociclista traumatizado em um acidente de transporte
V23;Causas externas;Motociclista traumatizado em um acidente de transporte
V24;Causas externas;Motociclista traumatizado em um acidente de transporte
V25;Causas externas;Motociclista traumatizado em um acidente de transporte
V27;Causas externas;Motociclista traumatizado em um acidente de transporte
V28;Causas externas;Motociclista traumatizado em um acidente de transporte
V29;Causas externas;Motociclista traumatizado em um acidente de transporte
V39;Causas externas;Ocupante de triciclo motorizado traumatizado em um acidente de transporte
V40;Causas externas;Ocupante de um automóvel traumatizado em um acidente de transporte
V41;Causas externas;Ocupante de um automóvel traumatizado em um acidente de transporte
V42;Causas externas;Ocupante de um automóvel traumatizado em um acidente de transporte
V43;Causas externas;Ocupante de um automóvel traumatizado em um acidente de transporte
V47;Causas externas;Ocupante de um automóvel traumatizado em um acidente de transporte
V48;Causas externas;Ocupante de um automóvel traumatizado em um acidente de transporte
V49;Causas externas;Ocupante de um automóvel traumatizado em um acidente de transporte
V50;Causas externas;Ocupante de uma caminhonete traumatizado em um acidente de transporte
V57;Causas externas;Ocupante de uma caminhonete traumatizado em um acidente de transporte
V60;Causas externas;Ocupante de um veículo de transporte pesado traumatizado em um acidente de transporte
V71;Causas externas;Ocupante de um ônibus traumatizado em um acidente de transporte
V78;Causas externas;Ocupante de um ônibus traumatizado em um acidente de transporte
V79;Causas externas;Ocupante de um ônibus traumatizado em um acidente de transporte
V80;Causas externas;Outros acidentes de transporte terrestre
V85;Causas externas;Outros acidentes de transporte terrestre
V87;Causas externas;Outros acidentes de transporte terrestre
V88;Causas externas;Outros acidentes de transporte terrestre
V89;Causas externas;Outros acidentes de transporte terrestre
V93;Causas externas;Acidentes de transporte por água
V98;Causas externas;Outros acidentes de transporte e os não especificados
V99;Causas externas;Outros acidentes de transporte e os não especificados
W01;Causas externas;Quedas
W02;Causas externas;Quedas
W07;Causas externas;Quedas
W10;Causas externas;Quedas
W11;Causas externas;Quedas
W13;Causas externas;Quedas
W17;Causas externas;Quedas
W19;Causas externas;Quedas
W20;Causas externas;Exposição a forças mecânicas inanimadas
W22;Causas externas;Exposição a forças mecânicas inanimadas
W25;Causas externas;Exposição a forças mecânicas inanimadas
W26;Causas externas;Exposição a forças mecânicas inanimadas
W29;Causas externas;Exposição a forças mecânicas inanimadas
W34;Causas externas;Exposição a forças mecânicas inanimadas
W38;Causas externas;Exposição a forças mecânicas inanimadas
W39;Causas externas;Exposição a forças mecânicas inanimadas
W44;Causas externas;Exposição a forças mecânicas inanimadas
W45;Causas externas;Exposição a forças mecânicas inanimadas
W49;Causas externas;Exposição a forças mecânicas inanimadas
W50;Causas externas;Exposição a forças mecânicas animadas
W52;Causas externas;Exposição a forças mecânicas animadas
W54;Causas externas;Exposição a forças mecânicas animadas
W55;Causas externas;Exposição a forças mecânicas animadas
W57;Causas externas;Exposição a forças mecânicas animadas
W60;Causas externas;Exposição a forças mecânicas animadas
W64;Causas externas;Exposição a forças mecânicas animadas
W87;Causas externas;Exposição à corrente elétrica, à radiação e às temperaturas e pressões extremas do ambiente
W90;Causas externas;Exposição à corrente elétrica, à radiação e às temperaturas e pressões extremas do ambiente
W93;Causas externas;Exposição à corrente elétrica, à radiação e às temperaturas e pressões extremas do ambiente
X09;Causas externas;Exposição ao fumo, ao fogo e às chamas
X20;Causas externas;Contato com animais e plantas venenosos
X21;Causas externas;Contato com animais e plantas venenosos
X22;Causas externas;Contato com animais e plantas venenosos
X23;Causas externas;Contato com animais e plantas venenosos
X24;Causas externas;Contato com animais e plantas venenosos
X25;Causas externas;Contato com animais e plantas venenosos
X29;Causas externas;Contato com animais e plantas venenosos
X50;Causas externas;Excesso de esforços, viagens e privações
X60;Causas externas;Lesões autoprovocadas intencionalmente
X64;Causas externas;Lesões autoprovocadas intencionalmente
X78;Causas externas;Lesões autoprovocadas intencionalmente
X91;Causas externas;Agressões
X93;Causas externas;Agressões
X95;Causas externas;Agressões
X97;Causas externas;Agressões
X99;Causas externas;Agressões
Y01;Causas externas;Agressões
Y04;Causas externas;Agressões
Y08;Causas externas;Agressões
Y09;Causas externas;Agressões
Y11;Causas externas;Eventos (fatos) cuja intenção é indeterminada
Y18;Causas externas;Eventos (fatos) cuja intenção é indeterminada
Y19;Causas externas;Eventos (fatos) cuja intenção é indeterminada
Y26;Causas externas;Eventos (fatos) cuja intenção é indeterminada
Y28;Causas externas;Eventos (fatos) cuja intenção é indeterminada
Y29;Causas externas;Eventos (fatos) cuja intenção é indeterminada
Y34;Causas externas;Eventos (fatos) cuja intenção é indeterminada
Y35;Causas externas;Intervenções legais e operações de guerra
Y45;Causas externas;Efeitos adversos de drogas, medicamentos e substâncias biológicas usadas com finalidade terapêutica
Y47;Causas externas;Efeitos adversos de drogas, medicamentos e substâncias biológicas usadas com finalidade terapêutica
Y49;Causas externas;Efeitos adversos de drogas, medicamentos e substâncias biológicas usadas com finalidade terapêutica
Y50;Causas externas;Efeitos adversos de drogas, medicamentos e substâncias biológicas usadas com finalidade terapêutica
Y53;Causas externas;Efeitos adversos de drogas, medicamentos e substâncias biológicas usadas com finalidade terapêutica
Y54;Causas externas;Efeitos adversos de drogas, medicamentos e substâncias biológicas usadas com finalidade terapêutica
Y55;Causas externas;Efeitos adversos de drogas, medicamentos e substâncias biológicas usadas com finalidade terapêutica
Y56;Causas externas;Efeitos adversos de drogas, medicamentos e substâncias biológicas usadas com finalidade terapêutica
Y57;Causas externas;Efeitos adversos de drogas, medicamentos e substâncias biológicas usadas com finalidade terapêutica
Y58;Causas externas;Efeitos adversos de drogas, medicamentos e substâncias biológicas usadas com finalidade terapêutica
Y59;Causas externas;Efeitos adversos de drogas, medicamentos e substâncias biológicas usadas com finalidade terapêutica
Y60;Causas externas;Acidentes ocorridos em pacientes durante a prestação de cuidados médicos e cirúrgicos
Y66;Causas externas;Acidentes ocorridos em pacientes durante a prestação de cuidados médicos e cirúrgicos
Y70;Causas externas;Incidentes adversos durante atos diagnósticos ou terapêuticos associados ao uso de dispositivos (aparelhos) médicos
Y79;Causas externas;Incidentes adversos durante atos diagnósticos ou terapêuticos associados ao uso de dispositivos (aparelhos) médicos
Y83;Causas externas;Reação anormal em paciente ou complicação tardia causadas por procedimentos cirúrgicos e outros procedimentos médicos sem menção de acidente ao tempo do procedimento
Y84;Causas externas;Reação anormal em paciente ou complicação tardia causadas por procedimentos cirúrgicos e outros procedimentos médicos sem menção de acidente ao tempo do procedimento
Y91;Causas externas;Fatores suplementares relacionados com as causas de morbidade e de mortalidade classificados em outra parte
Z00;Fatores influenciam a saúde;Pessoas em contato com os serviços de saúde para exame e investigação
Z01;Fatores influenciam a saúde;Pessoas em contato com os serviços de saúde para exame e investigação
Z02;Fatores influenciam a saúde;Pessoas em contato com os serviços de saúde para exame e investigação
Z03;Fatores influenciam a saúde;Pessoas em contato com os serviços de saúde para exame e investigação
Z04;Fatores influenciam a saúde;Pessoas em contato com os serviços de saúde para exame e investigação
Z08;Fatores influenciam a saúde;Pessoas em contato com os serviços de saúde para exame e investigação
Z09;Fatores influenciam a saúde;Pessoas em contato com os serviços de saúde para exame e investigação
Z10;Fatores influenciam a saúde;Pessoas em contato com os serviços de saúde para exame e investigação
Z11;Fatores influenciam a saúde;Pessoas em contato com os serviços de saúde para exame e investigação
Z12;Fatores influenciam a saúde;Pessoas em contato com os serviços de saúde para exame e investigação
Z13;Fatores influenciam a saúde;Pessoas em contato com os serviços de saúde para exame e investigação
Z20;Fatores influenciam a saúde;Pessoas com riscos potenciais à saúde relacionados com doenças transmissíveis
Z21;Fatores influenciam a saúde;Pessoas com riscos potenciais à saúde relacionados com doenças transmissíveis
Z22;Fatores influenciam a saúde;Pessoas com riscos potenciais à saúde relacionados com doenças transmissíveis
Z24;Fatores influenciam a saúde;Pessoas com riscos potenciais à saúde relacionados com doenças transmissíveis
Z25;Fatores influenciam a saúde;Pessoas com riscos potenciais à saúde relacionados com doenças transmissíveis
Z26;Fatores influenciam a saúde;Pessoas com riscos potenciais à saúde relacionados com doenças transmissíveis
Z29;Fatores influenciam a saúde;Pessoas com riscos potenciais à saúde relacionados com doenças transmissíveis
Z30;Fatores influenciam a saúde;Pessoas em contato com os serviços de saúde em circunstâncias relacionadas com a reprodução
Z31;Fatores influenciam a saúde;Pessoas em contato com os serviços de saúde em circunstâncias relacionadas com a reprodução
Z32;Fatores influenciam a saúde;Pessoas em contato com os serviços de saúde em circunstâncias relacionadas com a reprodução
Z33;Fatores influenciam a saúde;Pessoas em contato com os serviços de saúde em circunstâncias relacionadas com a reprodução
Z34;Fatores influenciam a saúde;Pessoas em contato com os serviços de saúde em circunstâncias relacionadas com a reprodução
Z35;Fatores influenciam a saúde;Pessoas em contato com os serviços de saúde em circunstâncias relacionadas com a reprodução
Z36;Fatores influenciam a saúde;Pessoas em contato com os serviços de saúde em circunstâncias relacionadas com a reprodução
Z37;Fatores influenciam a saúde;Pessoas em contato com os serviços de saúde em circunstâncias relacionadas com a reprodução
Z39;Fatores influenciam a saúde;Pessoas em contato com os serviços de saúde em circunstâncias relacionadas com a reprodução
Z40;Fatores influenciam a saúde;Pessoas em contato com os serviços de saúde para procedimentos e cuidados específicos
Z41;Fatores influenciam a saúde;Pessoas em contato com os serviços de saúde para procedimentos e cuidados específicos
Z42;Fatores influenciam a saúde;Pessoas em contato com os serviços de saúde para procedimentos e cuidados específicos
Z43;Fatores influenciam a saúde;Pessoas em contato com os serviços de saúde para procedimentos e cuidados específicos
Z44;Fatores influenciam a saúde;Pessoas em contato com os serviços de saúde para procedimentos e cuidados específicos
Z45;Fatores influenciam a saúde;Pessoas em contato com os serviços de saúde para procedimentos e cuidados específicos
Z46;Fatores influenciam a saúde;Pessoas em contato com os serviços de saúde para procedimentos e cuidados específicos
Z47;Fatores influenciam a saúde;Pessoas em contato com os serviços de saúde para procedimentos e cuidados específicos
Z48;Fatores influenciam a saúde;Pessoas em contato com os serviços de saúde para procedimentos e cuidados específicos
Z49;Fatores influenciam a saúde;Pessoas em contato com os serviços de saúde para procedimentos e cuidados específicos
Z50;Fatores influenciam a saúde;Pessoas em contato com os serviços de saúde para procedimentos e cuidados específicos
Z51;Fatores influenciam a saúde;Pessoas em contato com os serviços de saúde para procedimentos e cuidados específicos
Z52;Fatores influenciam a saúde;Pessoas em contato com os serviços de saúde para procedimentos e cuidados específicos
Z53;Fatores influenciam a saúde;Pessoas em contato com os serviços de saúde para procedimentos e cuidados específicos
Z54;Fatores influenciam a saúde;Pessoas em contato com os serviços de saúde para procedimentos e cuidados específicos
Z56;Fatores influenciam a saúde;Pessoas com riscos potenciais à saúde relacionados com circunstâncias socioeconômicas e psicossociais
Z58;Fatores influenciam a saúde;Pessoas com riscos potenciais à saúde relacionados com circunstâncias socioeconômicas e psicossociais
Z60;Fatores influenciam a saúde;Pessoas com riscos potenciais à saúde relacionados com circunstâncias socioeconômicas e psicossociais
Z63;Fatores influenciam a saúde;Pessoas com riscos potenciais à saúde relacionados com circunstâncias socioeconômicas e psicossociais
Z70;Fatores influenciam a saúde;Pessoas em contato com os serviços de saúde em outras circunstâncias
Z71;Fatores influenciam a saúde;Pessoas em contato com os serviços de saúde em outras circunstâncias
Z72;Fatores influenciam a saúde;Pessoas em contato com os serviços de saúde em outras circunstâncias
Z73;Fatores influenciam a saúde;Pessoas em contato com os serviços de saúde em outras circunstâncias
Z74;Fatores influenciam a saúde;Pessoas em contato com os serviços de saúde em outras circunstâncias
Z75;Fatores influenciam a saúde;Pessoas em contato com os serviços de saúde em outras circunstâncias
Z76;Fatores influenciam a saúde;Pessoas em contato com os serviços de saúde em outras circunstâncias
Z80;Fatores influenciam a saúde;Pessoas com riscos potenciais à saúde relacionados com história familiar e pessoal e algumas afecções que influenciam o estado de saúde
Z81;Fatores influenciam a saúde;Pessoas com riscos potenciais à saúde relacionados com história familiar e pessoal e algumas afecções que influenciam o estado de saúde
Z82;Fatores influenciam a saúde;Pessoas com riscos potenciais à saúde relacionados com história familiar e pessoal e algumas afecções que influenciam o estado de saúde
Z83;Fatores influenciam a saúde;Pessoas com riscos potenciais à saúde relacionados com história familiar e pessoal e algumas afecções que influenciam o estado de saúde
Z84;Fatores influenciam a saúde;Pessoas com riscos potenciais à saúde relacionados com história familiar e pessoal e algumas afecções que influenciam o estado de saúde
Z87;Fatores influenciam a saúde;Pessoas com riscos potenciais à saúde relacionados com história familiar e pessoal e algumas afecções que influenciam o estado de saúde
Z88;Fatores influenciam a saúde;Pessoas com riscos potenciais à saúde relacionados com história familiar e pessoal e algumas afecções que influenciam o estado de saúde
Z89;Fatores influenciam a saúde;Pessoas com riscos potenciais à saúde relacionados com história familiar e pessoal e algumas afecções que influenciam o estado de saúde
Z90;Fatores influenciam a saúde;Pessoas com riscos potenciais à saúde relacionados com história familiar e pessoal e algumas afecções que influenciam o estado de saúde
Z91;Fatores influenciam a saúde;Pessoas com riscos potenciais à saúde relacionados com história familiar e pessoal e algumas afecções que influenciam o estado de saúde
Z92;Fatores influenciam a saúde;Pessoas com riscos potenciais à saúde relacionados com história familiar e pessoal e algumas afecções que influenciam o estado de saúde
Z93;Fatores influenciam a saúde;Pessoas com riscos potenciais à saúde relacionados com história familiar e pessoal e algumas afecções que influenciam o estado de saúde
Z94;Fatores influenciam a saúde;Pessoas com riscos potenciais à saúde relacionados com história familiar e pessoal e algumas afecções que influenciam o estado de saúde
Z95;Fatores influenciam a saúde;Pessoas com riscos potenciais à saúde relacionados com história familiar e pessoal e algumas afecções que influenciam o estado de saúde
Z96;Fatores influenciam a saúde;Pessoas com riscos potenciais à saúde relacionados com história familiar e pessoal e algumas afecções que influenciam o estado de saúde
Z97;Fatores influenciam a saúde;Pessoas com riscos potenciais à saúde relacionados com história familiar e pessoal e algumas afecções que influenciam o estado de saúde
Z98;Fatores influenciam a saúde;Pessoas com riscos potenciais à saúde relacionados com história familiar e pessoal e algumas afecções que influenciam o estado de saúde
Z99;Fatores influenciam a saúde;Pessoas com riscos potenciais à saúde relacionados com história familiar e pessoal e algumas afecções que influenciam o estado de saúde
